dbn,school_name,boro,primary_address_line_1,city,state_code,zip,Location 1,start_time,end_time
17K548,Brooklyn School for Music & Theatre,Brooklyn,883 Classon Avenue,Brooklyn,NY,11225,"883 Classon Avenue
Brooklyn, NY 11225
(40.67029890700047, -73.96164787599963)",08:10:00,15:00:00
09X543,High School for Violin and Dance,Bronx,1110 Boston Road,Bronx,NY,10456,"1110 Boston Road
Bronx, NY 10456
(40.8276026690005, -73.90447525699966)",08:00:00,15:00:00
09X327,Comprehensive Model School Project M.S. 327,Bronx,1501 Jerome Avenue,Bronx,NY,10452,"1501 Jerome Avenue
Bronx, NY 10452
(40.842414068000494, -73.91616158599965)",08:00:00,16:00:00
02M280,Manhattan Early College School for Advertising,Manhattan,411 Pearl Street,New York,NY,10038,"411 Pearl Street
New York, NY 10038
(40.71067947100045, -74.00080702099967)",08:30:00,15:45:00
28Q680,Queens Gateway to Health Sciences Secondary School,Queens,160-20 Goethals Avenue,Jamaica,NY,11432,"160-20 Goethals Avenue
Jamaica, NY 11432
(40.718810094000446, -73.80650045499965)",08:00:00,14:30:00
08X348,Schuylerville Preparatory High School,Bronx,3000 East Tremont Avenue,Bronx,NY,10461,"3000 East Tremont Avenue
Bronx, NY 10461
(40.840513977000455, -73.83812095999963)",08:00:00,15:40:00
14K474,PROGRESS High School for Professional Careers,Brooklyn,850 Grand Street,Brooklyn,NY,11211,"850 Grand Street
Brooklyn, NY 11211
(40.71196311300048, -73.94043436699963)",08:00:00,14:45:00
02M420,High School for Health Professions and Human Services,Manhattan,345 East 15Th Street,New York,NY,10003,"345 East 15Th Street
New York, NY 10003
(40.73248537800049, -73.98305338799963)",09:00:00,15:45:00
28Q350,Jamaica Gateway to the Sciences,Queens,167-01 Gothic Drive,Jamaica,NY,11432,"167-01 Gothic Drive
Jamaica, NY 11432
(40.713577459000476, -73.79651782499963)",08:15:00,15:00:00
29Q313,Benjamin Franklin High School for Finance & Information Technology,Queens,207-01 116th Avenue,Cambria Heights,NY,11411,"207-01 116th Avenue
Cambria Heights, NY 11411
(40.6978073300005, -73.74585775499963)",08:30:00,16:00:00
12X271,East Bronx Academy for the Future,Bronx,1716 Southern Boulevard,Bronx,NY,10460,"1716 Southern Boulevard
Bronx, NY 10460
(40.83695342600049, -73.88796175799968)",08:30:00,15:00:00
02M520,Murry Bergtraum High School for Business Careers,Manhattan,411 Pearl Street,New York,NY,10038,"411 Pearl Street
New York, NY 10038
(40.71067947100045, -74.00080702099967)",08:00:00,15:00:00
06M211,Inwood Early College for Health and Information Technologies,Manhattan,650 Academy Street,New York,NY,10002,"650 Academy Street
New York, NY 10002
(40.86604554900049, -73.92485664199967)",08:30:00,15:00:00
24Q600,Queens Vocational and Technical High School,Queens,37-02 47 Avenue,Long Island City,NY,11101,"37-02 47 Avenue
Long Island City, NY 11101
(40.74218869400045, -73.92824329199965)",08:00:00,16:30:00
10X368,In-Tech Academy (M.S. / High School 368),Bronx,2975 Tibbett Avenue,Bronx,NY,10463,"2975 Tibbett Avenue
Bronx, NY 10463
(40.88005009300048, -73.90920904799964)",08:30:00,15:30:00
06M348,Washington Heights Expeditionary Learning School,Manhattan,511 West 182Nd Street,New York,NY,10033,"511 West 182Nd Street
New York, NY 10033
(40.84887878800049, -73.93080651699967)",08:00:00,15:00:00
18K629,Cultural Academy for the Arts and Sciences,Brooklyn,5800 Tilden Avenue,Brooklyn,NY,11203,"5800 Tilden Avenue
Brooklyn, NY 11203
(40.64866366300049, -73.92189876199967)",08:00:00,15:00:00
03M299,"High School for Arts, Imagination and Inquiry",Manhattan,122 Amsterdam Avenue,New York,NY,10023,"122 Amsterdam Avenue
New York, NY 10023
(40.77429641100048, -73.98482270099964)",08:45:00,15:26:00
07X520,Foreign Language Academy of Global Studies,Bronx,470 Jackson Avenue,Bronx,NY,10455,"470 Jackson Avenue
Bronx, NY 10455
(40.81113885600047, -73.90978712699967)",07:30:00,15:00:00
08X312,Millennium Art Academy,Bronx,1980 Lafayette Avenue,Bronx,NY,10473,"1980 Lafayette Avenue
Bronx, NY 10473
(40.82230376500047, -73.85596138999966)",08:00:00,15:00:00
08X293,Renaissance High School for Musical Theater & Technology,Bronx,3000 East Tremont Avenue,Bronx,NY,10461,"3000 East Tremont Avenue
Bronx, NY 10461
(40.840513977000455, -73.83812095999963)",08:15:00,15:00:00
13K419,"Science Skills Center High School for Science, Technology and the Creative Arts",Brooklyn,49 Flatbush Avenue Extension,Brooklyn,NY,11201,"49 Flatbush Avenue Extension
Brooklyn, NY 11201
(40.69717472700046, -73.98495968899965)",08:07:00,15:40:00
31R460,Susan E. Wagner High School,Staten Island,1200 Manor Road,Staten Island,NY,10314,"1200 Manor Road
Staten Island, NY 10314
(40.59865238600048, -74.12310475899966)",08:16:00,15:00:00
28Q328,High School for Community Leadership,Queens,167-01 Gothic Drive,Jamaica,NY,11432,"167-01 Gothic Drive
Jamaica, NY 11432
(40.713577459000476, -73.79651782499963)",09:00:00,15:45:00
05M362,Columbia Secondary School,Manhattan,425 West 123 Street,New York,NY,10027,"425 West 123 Street
New York, NY 10027
(40.81091785300049, -73.95692738699967)",08:00:00,16:00:00
10X243,West Bronx Academy for the Future,Bronx,500 East Fordham Road,Bronx,NY,10458,"500 East Fordham Road
Bronx, NY 10458
(40.86001222100049, -73.88822960399966)",08:30:00,15:15:00
03M307,"Urban Assembly School for Media Studies, The",Manhattan,122 Amsterdam Avenue,New York,NY,10023,"122 Amsterdam Avenue
New York, NY 10023
(40.77429641100048, -73.98482270099964)",09:00:00,15:15:00
20K609,Urban Assembly School for Criminal Justice,Brooklyn,4200 16 Avenue,Brooklyn,NY,11204,"4200 16 Avenue
Brooklyn, NY 11204
(40.63490809500047, -73.98151907699963)",08:45:00,15:45:00
28Q284,York Early College Academy,Queens,108-35 167 Street,Jamaica,NY,11433,"108-35 167 Street
Jamaica, NY 11433
(40.69693735800047, -73.78698154099965)",08:00:00,15:00:00
21K348,High School of Sports Management,Brooklyn,2630 Benson Avenue,Brooklyn,NY,11214,"2630 Benson Avenue
Brooklyn, NY 11214
(40.59359381100046, -73.98472923199967)",07:45:00,15:45:00
15K463,Secondary School for Journalism,Brooklyn,237 7 Avenue,Brooklyn,NY,11215,"237 7 Avenue
Brooklyn, NY 11215
(40.66959817500049, -73.97925552199968)",08:25:00,15:12:00
31R605,Staten Island Technical High School,Staten Island,485 Clawson Street,Staten Island,NY,10306,"485 Clawson Street
Staten Island, NY 10306
(40.567913003000456, -74.11536224299965)",07:45:00,14:30:00
17K543,"Science, Technology and Research Early College High School at Erasmus",Brooklyn,911 Flatbush Avenue,Brooklyn,NY,11226,"911 Flatbush Avenue
Brooklyn, NY 11226
(40.64943967500045, -73.95843119799963)",08:00:00,14:45:00
02M393,BUSINESS OF SPORTS SCHOOL,Manhattan,439 West 49Th Street,New York,NY,10019,"439 West 49Th Street
New York, NY 10019
(40.763361732000476, -73.99050909099964)",08:50:00,15:30:00
21K690,Brooklyn Studio Secondary School,Brooklyn,8310 21St Avenue,Brooklyn,NY,11214,"8310 21St Avenue
Brooklyn, NY 11214
(40.6048770000005, -73.99441715399968)",08:00:00,14:30:00
01M539,"New Explorations into Science, Technology and Math High School",Manhattan,111 Columbia Street,New York,NY,10002,"111 Columbia Street
New York, NY 10002
(40.718725451000466, -73.97942638599966)",08:15:00,16:00:00
12X388,Pan American International High School at Monroe,Bronx,1300 Boynton Avenue,Bronx,NY,10472,"1300 Boynton Avenue
Bronx, NY 10472
(40.83136649000045, -73.87882327699964)",08:30:00,17:30:00
07X522,Bronx Design and Construction Academy,Bronx,333 East 151 Street,Bronx,NY,10451,"333 East 151 Street
Bronx, NY 10451
(40.81824688900048, -73.91973567799965)",08:00:00,15:30:00
22K535,Leon M. Goldstein High School for the Sciences,Brooklyn,1830 Shore Boulevard,Brooklyn,NY,11235,"1830 Shore Boulevard
Brooklyn, NY 11235
(40.5808471360005, -73.93608856899965)",08:15:00,14:30:00
10X284,Bronx School of Law and Finance,Bronx,99 Terrace View Avenue,Bronx,NY,10463,"99 Terrace View Avenue
Bronx, NY 10463
(40.87704944300049, -73.91233659899967)",08:00:00,14:45:00
04M680,"Heritage School, The",Manhattan,1680 Lexington Avenue,New York,NY,10029,"1680 Lexington Avenue
New York, NY 10029
(40.79187961800045, -73.94658639999966)",08:30:00,15:39:00
17K382,Academy for College Preparation and Career Exploration: A College Board School,Brooklyn,911 Flatbush Avenue,Brooklyn,NY,11226,"911 Flatbush Avenue
Brooklyn, NY 11226
(40.64943967500045, -73.95843119799963)",08:00:00,15:30:00
09X403,Bronx International High School,Bronx,1110 Boston Road,Bronx,NY,10456,"1110 Boston Road
Bronx, NY 10456
(40.8276026690005, -73.90447525699966)",09:00:00,15:45:00
08X559,School for Tourism and Hospitality,Bronx,900 Tinton Avenue,Bronx,NY,10456,"900 Tinton Avenue
Bronx, NY 10456
(40.82188734100049, -73.90343805499964)",08:30:00,14:45:00
02M294,Essex Street Academy,Manhattan,350 Grand Street,New York,NY,10002,"350 Grand Street
New York, NY 10002
(40.71686722400045, -73.98953194299963)",08:00:00,14:45:00
03M415,Wadleigh Secondary School for the Performing & Visual Arts,Manhattan,215 West 114 Street,New York,NY,10026,"215 West 114 Street
New York, NY 10026
(40.802174581000486, -73.95400882799964)",08:00:00,15:45:00
14K478,"The High School for Enterprise, Business and Technology",Brooklyn,850 Grand Street,Brooklyn,NY,11211,"850 Grand Street
Brooklyn, NY 11211
(40.71196311300048, -73.94043436699963)",07:45:00,15:45:00
18K642,Urban Action Academy,Brooklyn,1600 Rockaway Parkway,Brooklyn,NY,11236,"1600 Rockaway Parkway
Brooklyn, NY 11236
(40.641844268000455, -73.89868729099965)",08:10:00,15:20:00
30Q445,William Cullen Bryant High School,Queens,48-10 31 Avenue,Astoria,NY,11103,"48-10 31 Avenue
Astoria, NY 11103
(40.75812467500049, -73.91033330899967)",08:45:00,15:30:00
10X433,High School for Teaching and the Professions,Bronx,2780 Reservoir Avenue,Bronx,NY,10468,"2780 Reservoir Avenue
Bronx, NY 10468
(40.87037746700048, -73.89816295199967)",08:45:00,15:45:00
19K510,World Academy for Total Community Health High School,Brooklyn,400 Pennsylvania Avenue,Brooklyn,NY,11207,"400 Pennsylvania Avenue
Brooklyn, NY 11207
(40.66755311100047, -73.89480053699964)",08:05:00,14:20:00
22K555,Brooklyn College Academy,Brooklyn,350 Coney Island Avenue,Brooklyn,NY,11218,"350 Coney Island Avenue
Brooklyn, NY 11218
(40.64920062700048, -73.97169462099964)",08:00:00,15:00:00
07X547,New Explorers High School,Bronx,730 Concourse Village West,Bronx,NY,10451,"730 Concourse Village West
Bronx, NY 10451
(40.82277649000048, -73.92352279399967)",08:30:00,15:30:00
08X558,Westchester Square Academy,Bronx,3000 East Tremont Avenue,Bronx,NY,10461,"3000 East Tremont Avenue
Bronx, NY 10461
(40.840513977000455, -73.83812095999963)",08:15:00,15:20:00
32K545,EBC High School for Public Service - Bushwick,Brooklyn,1155 Dekalb Avenue,Brooklyn,NY,11221,"1155 Dekalb Avenue
Brooklyn, NY 11221
(40.694481845000496, -73.92915352799963)",08:00:00,15:45:00
23K493,Brooklyn Collegiate: A College Board School,Brooklyn,2021 Bergen Street,Brooklyn,NY,11233,"2021 Bergen Street
Brooklyn, NY 11233
(40.67413738300047, -73.91349449099965)",08:30:00,14:45:00
29Q265,Excelsior Preparatory High School,Queens,143-10 Springfield Boulevard,Springfield Gardens,NY,11413,"143-10 Springfield Boulevard
Springfield Gardens, NY 11413
(40.66823228800047, -73.75683989399965)",08:10:00,15:07:00
09X505,"Bronx School for Law, Government and Justice",Bronx,244 East 163 Street,Bronx,NY,10451,"244 East 163 Street
Bronx, NY 10451
(40.827589367000485, -73.91866815999964)",08:15:00,15:00:00
14K071,Juan Morel Campos Secondary School,Brooklyn,215 Heyward Street,Brooklyn,NY,11206,"215 Heyward Street
Brooklyn, NY 11206
(40.7035773610005, -73.95323731199966)",08:00:00,14:15:00
24Q267,High School of Applied Communication,Queens,30-20 Thomson Avenue,Long Island City,NY,11101,"30-20 Thomson Avenue
Long Island City, NY 11101
(40.74509351900048, -73.93681389799963)",08:30:00,15:30:00
02M416,Eleanor Roosevelt High School,Manhattan,411 East 76 Street,New York,NY,10021,"411 East 76 Street
New York, NY 10021
(40.77011647100045, -73.95337910099965)",08:30:00,15:30:00
30Q286,"Young Women's Leadership School, Astoria",Queens,23-15 Newtown Avenue,Astoria,NY,11102,"23-15 Newtown Avenue
Astoria, NY 11102
(40.77125089600048, -73.92460167099966)",08:00:00,15:20:00
07X548,Urban Assembly School for Careers in Sports,Bronx,730 Concourse Village West,Bronx,NY,10451,"730 Concourse Village West
Bronx, NY 10451
(40.82277649000048, -73.92352279399967)",08:25:00,15:18:00
10X213,Bronx Engineering and Technology Academy,Bronx,99 Terrace View Avenue,Bronx,NY,10463,"99 Terrace View Avenue
Bronx, NY 10463
(40.87704944300049, -73.91233659899967)",08:15:00,16:30:00
28Q440,Forest Hills High School,Queens,67-01 110 Street,Forest Hills,NY,11375,"67-01 110 Street
Forest Hills, NY 11375
(40.729431572000465, -73.84562907299966)",NA,NA
17K745,Brooklyn Institute for Liberal Arts,Brooklyn,600 Kingston Avenue,Brooklyn,NY,11203,"600 Kingston Avenue
Brooklyn, NY 11203
(40.6595170060005, -73.94254649899966)",08:00:00,15:00:00
02M459,Manhattan International High School,Manhattan,317 East 67 Street,New York,NY,10065,"317 East 67 Street
New York, NY 10065
(40.765445402000466, -73.96021378599966)",08:45:00,15:05:00
06M463,High School for Media and Communications,Manhattan,549 Audubon Avenue,New York,NY,10040,"549 Audubon Avenue
New York, NY 10040
(40.855938307000486, -73.92702963399967)",08:00:00,15:45:00
12X248,"Metropolitan High School, The",Bronx,1180 Rev. J.A. Polite Ave.,Bronx,NY,10459,"1180 Rev. J.A. Polite Ave.
Bronx, NY 10459
(40.82522606000049, -73.89394988899966)",08:00:00,16:00:00
21K410,Abraham Lincoln High School,Brooklyn,2800 Ocean Parkway,Brooklyn,NY,11235,"2800 Ocean Parkway
Brooklyn, NY 11235
(40.58230836300049, -73.96746574699966)",07:28:00,15:10:00
21K540,John Dewey High School,Brooklyn,50 Avenue X,Brooklyn,NY,11223,"50 Avenue X
Brooklyn, NY 11223
(40.589238098000465, -73.98174652399967)",08:13:00,15:05:00
18K566,Brooklyn Generation School,Brooklyn,6565 Flatlands Avenue,Brooklyn,NY,11236,"6565 Flatlands Avenue
Brooklyn, NY 11236
(40.63262743000047, -73.91779798899967)",08:30:00,15:20:00
13K439,Brooklyn International High School,Brooklyn,49 Flatbush Avenue Extension,Brooklyn,NY,11201,"49 Flatbush Avenue Extension
Brooklyn, NY 11201
(40.69717472700046, -73.98495968899965)",09:15:00,15:30:00
10X445,Bronx High School of Science,Bronx,75 West 205 Street,Bronx,NY,10468,"75 West 205 Street
Bronx, NY 10468
(40.87705636800047, -73.88978035099967)",08:00:00,15:45:00
05M367,Academy for Social Action: A College Board School,Manhattan,509 West 129 Street,New York,NY,10027,"509 West 129 Street
New York, NY 10027
(40.815230365000446, -73.95520120599963)",08:35:00,15:45:00
02M282,Urban Assembly Maker Academy,Manhattan,411 Peal Street,New York,NY,10038,"411 Peal Street
New York, NY 10038
(40.709336073000486, -74.00529934499963)",09:00:00,15:45:00
10X268,Kingsbridge International High School,Bronx,2780 Reservoir Avenue,Bronx,NY,10468,"2780 Reservoir Avenue
Bronx, NY 10468
(40.87037746700048, -73.89816295199967)",07:45:00,14:45:00
14K449,"Brooklyn Latin School, The",Brooklyn,223 Graham Avenue,Brooklyn,NY,11206,"223 Graham Avenue
Brooklyn, NY 11206
(40.709899960000484, -73.94365993499963)",08:00:00,14:30:00
08X452,Bronx Guild,Bronx,1980 Lafayette Avenue,Bronx,NY,10473,"1980 Lafayette Avenue
Bronx, NY 10473
(40.82230376500047, -73.85596138999966)",08:30:00,15:00:00
02M531,Repertory Company High School for Theatre Arts,Manhattan,123 West 43 Street,New York,NY,10036,"123 West 43 Street
New York, NY 10036
(40.7559425820005, -73.98456770199965)",08:15:00,15:30:00
02M615,Chelsea Career and Technical Education High School,Manhattan,131 Avenue Of The Americas,New York,NY,10013,"131 Avenue Of The Americas
New York, NY 10013
(40.72435287400049, -74.00475929199968)",08:30:00,16:00:00
13K412,"Brooklyn Community High School of Communication, Arts and Media",Brooklyn,300 Willoughby Avenue,Brooklyn,NY,11205,"300 Willoughby Avenue
Brooklyn, NY 11205
(40.69258225600049, -73.95887311699965)",08:30:00,15:20:00
24Q520,Middle College High School at LaGuardia Community College,Queens,45-35 Van Dam Street,Long Island City,NY,11101,"45-35 Van Dam Street
Long Island City, NY 11101
(40.744149536000464, -73.93362674099967)",08:00:00,13:55:00
17K547,Brooklyn Academy of Science and the Environment,Brooklyn,883 Classon Avenue,Brooklyn,NY,11225,"883 Classon Avenue
Brooklyn, NY 11225
(40.67029890700047, -73.96164787599963)",08:30:00,16:15:00
24Q293,Civic Leadership Academy,Queens,45-10 94Th Street,Elmhurst,NY,11373,"45-10 94Th Street
Elmhurst, NY 11373
(40.74330287300046, -73.87057497699965)",08:30:00,15:30:00
04M555,Central Park East High School,Manhattan,1573 Madison Avenue,New York,NY,10029,"1573 Madison Avenue
New York, NY 10029
(40.79367888200045, -73.94941649499964)",08:30:00,15:20:00
10X546,Bronx Theatre High School,Bronx,99 Terrace View Avenue,Bronx,NY,10463,"99 Terrace View Avenue
Bronx, NY 10463
(40.87704944300049, -73.91233659899967)",08:40:00,16:00:00
30Q301,Academy for Careers in Television and Film,Queens,1-50 51St Avenue,Long Island City,NY,11101,"1-50 51St Avenue
Long Island City, NY 11101
(40.74113732800049, -73.94968859899967)",09:00:00,15:30:00
16K594,Gotham Professional Arts Academy,Brooklyn,265 Ralph Avenue,Brooklyn,NY,11233,"265 Ralph Avenue
Brooklyn, NY 11233
(40.68045547300045, -73.92219609199964)",08:45:00,15:15:00
08X320,Pelham Lab High School,Bronx,3000 East Tremont Avenue,Bronx,NY,10461,"3000 East Tremont Avenue
Bronx, NY 10461
(40.840513977000455, -73.83812095999963)",08:00:00,16:00:00
11X513,New World High School,Bronx,921 East 228Th Street,Bronx,NY,10466,"921 East 228Th Street
Bronx, NY 10466
(40.887919214000476, -73.85287161399964)",08:00:00,15:00:00
14K322,Foundations Academy,Brooklyn,70 Tompkins Avenue,Brooklyn,NY,11206,"70 Tompkins Avenue
Brooklyn, NY 11206
(40.69706108300045, -73.94667520499968)",08:30:00,15:30:00
12X479,Bronx Career and College Preparatory High School,Bronx,800 Home Street,Bronx,NY,10456,"800 Home Street
Bronx, NY 10456
(40.82776397900045, -73.90038681299967)",08:00:00,14:15:00
11X544,High School for Contemporary Arts,Bronx,800 East Gun Hill Road,Bronx,NY,10467,"800 East Gun Hill Road
Bronx, NY 10467
(40.87575421100047, -73.86138783399963)",08:00:00,14:45:00
30Q450,Long Island City High School,Queens,14-30 Broadway,Astoria,NY,11106,"14-30 Broadway
Astoria, NY 11106
(40.765763938000475, -73.93272598499965)",08:29:00,15:50:00
24Q610,Aviation Career & Technical Education High School,Queens,45-30 36 Street,Long Island City,NY,11101,"45-30 36 Street
Long Island City, NY 11101
(40.7435936440005, -73.92907786499967)",08:00:00,16:30:00
14K610,Automotive High School,Brooklyn,50 Bedford Avenue,Brooklyn,NY,11222,"50 Bedford Avenue
Brooklyn, NY 11222
(40.72264264000046, -73.95258304499964)",08:45:00,15:50:00
29Q259,Pathways College Preparatory School: A College Board School,Queens,109-89 204 Street,Saint Albans,NY,11412,"109-89 204 Street
Saint Albans, NY 11412
(40.706387658000494, -73.75353002199967)",08:00:00,15:07:00
15K423,Brooklyn Frontiers High School,Brooklyn,112 Schermerhorn Street,Brooklyn,NY,11201,"112 Schermerhorn Street
Brooklyn, NY 11201
(40.69020457500045, -73.98927037499965)",08:20:00,15:09:00
03M479,Beacon High School,Manhattan,227-243 West 61St Street,New York,NY,10023,"227-243 West 61St Street
New York, NY 10023
(40.772158119000494, -73.98779653499963)",08:00:00,15:00:00
21K337,International High School at Lafayette,Brooklyn,2630 Benson Avenue,Brooklyn,NY,11214,"2630 Benson Avenue
Brooklyn, NY 11214
(40.59359381100046, -73.98472923199967)",09:15:00,16:00:00
02M422,Quest to Learn,Manhattan,351 West 18 Street,New York,NY,10011,"351 West 18 Street
New York, NY 10011
(40.74288810100046, -74.00212738099964)",09:00:00,15:50:00
09X564,Claremont International HS,Bronx,240 East 172 Street,Bronx,NY,10457,"240 East 172 Street
Bronx, NY 10457
(40.84037339800045, -73.91083800799964)",08:40:00,15:17:00
11X545,Bronx Aerospace High School,Bronx,800 East Gun Hill Road,Bronx,NY,10467,"800 East Gun Hill Road
Bronx, NY 10467
(40.87575421100047, -73.86138783399963)",09:00:00,17:00:00
15K592,Khalil Gibran International Academy,Brooklyn,362 Schermerhorn Street,Brooklyn,NY,11217,"362 Schermerhorn Street
Brooklyn, NY 11217
(40.686741862000474, -73.98022906499966)",08:00:00,15:00:00
30Q575,Academy of American Studies,Queens,28-04 41 Avenue,Long Island City,NY,11101,"28-04 41 Avenue
Long Island City, NY 11101
(40.751300578000496, -73.93742387699967)",09:50:00,16:15:00
07X223,M.S. 223 The Laboratory School of Finance and Technology,Bronx,360 East 145 Street,Bronx,NY,10454,"360 East 145 Street
Bronx, NY 10454
(40.81401081600046, -73.92083651699966)",07:50:00,15:00:00
21K525,Edward R. Murrow High School,Brooklyn,1600 Avenue L,Brooklyn,NY,11230,"1600 Avenue L
Brooklyn, NY 11230
(40.62050435800046, -73.95923393299967)",08:05:00,14:45:00
09X241,"Urban Assembly School for Applied Math and Science, The",Bronx,1595 Bathgate Avenue,Bronx,NY,10457,"1595 Bathgate Avenue
Bronx, NY 10457
(40.839327126000455, -73.90130978999963)",08:30:00,15:30:00
03M402,The Urban Assembly School for Green Careers,Manhattan,145 West 84 Street,New York,NY,10024,"145 West 84 Street
New York, NY 10024
(40.78574315700047, -73.97441522799966)",08:30:00,15:30:00
03M417,FRANK McCOURT HIGH SCHOOL,Manhattan,145 West 84 Street,New York,NY,10024,"145 West 84 Street
New York, NY 10024
(40.78574315700047, -73.97441522799966)",08:40:00,15:00:00
17K537,High School for Youth and Community Development at Erasmus,Brooklyn,911 Flatbush Avenue,Brooklyn,NY,11226,"911 Flatbush Avenue
Brooklyn, NY 11226
(40.64943967500045, -73.95843119799963)",08:00:00,15:00:00
02M412,N.Y.C. Lab School for Collaborative Studies,Manhattan,333 West 17 Street,New York,NY,10011,"333 West 17 Street
New York, NY 10011
(40.74210071300047, -74.00207379699964)",08:00:00,14:50:00
31R600,Ralph R. McKee Career and Technical Education High School,Staten Island,290 St Marks Place,Staten Island,NY,10301,"290 St Marks Place
Staten Island, NY 10301
(40.642741044000445, -74.07871106299967)",08:00:00,15:00:00
07X527,Bronx Leadership Academy II High School,Bronx,730 Concourse Village West,Bronx,NY,10451,"730 Concourse Village West
Bronx, NY 10451
(40.82277649000048, -73.92352279399967)",08:30:00,15:15:00
31R440,New Dorp High School,Staten Island,465 New Dorp Lane,Staten Island,NY,10306,"465 New Dorp Lane
Staten Island, NY 10306
(40.5691824270005, -74.10730080799965)",08:05:00,15:10:00
10X524,Crotona International High School,Bronx,2474 Crotona Avenue,Bronx,NY,10458,"2474 Crotona Avenue
Bronx, NY 10458
(40.85592271000047, -73.88257897999966)",08:30:00,16:15:00
08X367,"Archimedes Academy for Math, Science and Technology Applications",Bronx,456 White Plains Road,Bronx,NY,10473,"456 White Plains Road
Bronx, NY 10473
(40.814918340000474, -73.85656553499967)",08:25:00,15:15:00
24Q585,Maspeth High School,Queens,54-40 74Th Street,Elmhurst,NY,11373,"54-40 74Th Street
Elmhurst, NY 11373
(40.729538482000464, -73.88739052299962)",08:15:00,15:05:00
21K572,Expeditionary Learning School for Community Leaders,Brooklyn,2630 Benson Avenue,Brooklyn,NY,11214,"2630 Benson Avenue
Brooklyn, NY 11214
(40.59359381100046, -73.98472923199967)",08:25:00,15:15:00
04M495,Park East High School,Manhattan,230 East 105 Street,New York,NY,10029,"230 East 105 Street
New York, NY 10029
(40.7905626000005, -73.94445440799967)",08:45:00,15:15:00
09X227,Bronx Collegiate Academy,Bronx,240 East 172 Street,Bronx,NY,10457,"240 East 172 Street
Bronx, NY 10457
(40.84037339800045, -73.91083800799964)",08:30:00,15:30:00
26Q495,Bayside High School,Queens,32-24 Corporal Kennedy Street,Bayside,NY,11361,"32-24 Corporal Kennedy Street
Bayside, NY 11361
(40.771867242000496, -73.78038695199967)",08:00:00,15:30:00
12X478,THE CINEMA SCHOOL,Bronx,1551 East 172Nd Street,Bronx,NY,10472,"1551 East 172Nd Street
Bronx, NY 10472
(40.831364532000464, -73.87834467499965)",08:30:00,15:45:00
26Q315,Business Technology Early College High School,Queens,230-17 Hillside Avenue,Queens Village,NY,11427,"230-17 Hillside Avenue
Queens Village, NY 11427
(40.73281710900045, -73.73965041299965)",08:30:00,16:00:00
06M462,The College Academy,Manhattan,549 Audubon Avenue,New York,NY,10040,"549 Audubon Avenue
New York, NY 10040
(40.855938307000486, -73.92702963399967)",08:00:00,15:45:00
02M655,Life Sciences Secondary School,Manhattan,320 East 96 Street,New York,NY,10128,"320 East 96 Street
New York, NY 10128
(40.78364426000047, -73.94574177699963)",08:00:00,15:00:00
02M411,Baruch College Campus High School,Manhattan,55 East 25 Street,New York,NY,10010,"55 East 25 Street
New York, NY 10010
(40.74404724800047, -73.99147929899965)",08:20:00,14:50:00
13K499,ACORN Community High School,Brooklyn,561 Grand Avenue,Brooklyn,NY,11238,"561 Grand Avenue
Brooklyn, NY 11238
(40.678508914000474, -73.96206730599965)",08:15:00,15:15:00
05M304,Mott Hall High School,Manhattan,6 Edgecombe Avenue,New York,NY,10030,"6 Edgecombe Avenue
New York, NY 10030
(40.817361046000485, -73.94770842099967)",08:00:00,15:30:00
08X405,Herbert H. Lehman High School.,Bronx,3000 East Tremont Avenue,Bronx,NY,10461,"3000 East Tremont Avenue
Bronx, NY 10461
(40.840513977000455, -73.83812095999963)",08:15:00,15:45:00
02M534,Harvest Collegiate High School,Manhattan,34 West 14 Street,New York,NY,10011,"34 West 14 Street
New York, NY 10011
(40.73676482600047, -73.99551113299964)",08:20:00,15:17:00
10X549,Discovery High School,Bronx,2780 Reservoir Avenue,Bronx,NY,10468,"2780 Reservoir Avenue
Bronx, NY 10468
(40.87037746700048, -73.89816295199967)",08:45:00,15:45:00
31R080,The Michael J. Petrides School,Staten Island,715 Ocean Terrace,Staten Island,NY,10301,"715 Ocean Terrace
Staten Island, NY 10301
(40.60745302400045, -74.10148222999965)",08:00:00,14:20:00
20K485,High School of Telecommunication Arts and Technology,Brooklyn,350 67 Street,Brooklyn,NY,11220,"350 67 Street
Brooklyn, NY 11220
(40.63724571600045, -74.02381647299967)",08:00:00,15:00:00
02M308,Lower Manhattan Arts Academy,Manhattan,350 Grand Street,New York,NY,10002,"350 Grand Street
New York, NY 10002
(40.71686722400045, -73.98953194299963)",08:30:00,15:00:00
18K633,High School for Medical Professions,Brooklyn,1600 Rockaway Parkway,Brooklyn,NY,11236,"1600 Rockaway Parkway
Brooklyn, NY 11236
(40.641844268000455, -73.89868729099965)",08:00:00,15:00:00
05M369,Urban Assembly School for the Performing Arts,Manhattan,509 West 129 Street,New York,NY,10027,"509 West 129 Street
New York, NY 10027
(40.815230365000446, -73.95520120599963)",08:15:00,15:15:00
12X692,Monroe Academy for Visual Arts & Design,Bronx,1300 Boynton Avenue,Bronx,NY,10472,"1300 Boynton Avenue
Bronx, NY 10472
(40.83136649000045, -73.87882327699964)",08:30:00,15:00:00
24Q296,Pan American International High School,Queens,45-10 94Th Street,Elmhurst,NY,11373,"45-10 94Th Street
Elmhurst, NY 11373
(40.74330287300046, -73.87057497699965)",08:30:00,15:15:00
02M437,Hudson High School of Learning Technologies,Manhattan,351 West 18 Street,New York,NY,10011,"351 West 18 Street
New York, NY 10011
(40.74288810100046, -74.00212738099964)",08:45:00,15:30:00
13K265,Dr. Susan S. McKinney Secondary School of the Arts,Brooklyn,101 Park Avenue,Brooklyn,NY,11205,"101 Park Avenue
Brooklyn, NY 11205
(40.69634377300048, -73.97577110199967)",08:00:00,15:15:00
02M545,High School for Dual Language and Asian Studies,Manhattan,350 Grand Street,New York,NY,10002,"350 Grand Street
New York, NY 10002
(40.71686722400045, -73.98953194299963)",08:00:00,15:35:00
24Q236,International High School for Health Sciences,Queens,48-01 90 Street,Elmhurst,NY,11373,"48-01 90 Street
Elmhurst, NY 11373
(40.74120520000048, -73.87472988399963)",08:30:00,15:30:00
07X551,The Urban Assembly Bronx Academy of Letters,Bronx,339 Morris Avenue,Bronx,NY,10451,"339 Morris Avenue
Bronx, NY 10451
(40.81335930300048, -73.92553651499964)",08:00:00,15:50:00
22K611,Origins High School,Brooklyn,3000 Avenue X,Brooklyn,NY,11235,"3000 Avenue X
Brooklyn, NY 11235
(40.59419299700045, -73.93683809599963)",08:45:00,16:00:00
06M552,Gregorio Luperon High School for Science and Mathematics,Manhattan,501 West 165Th,New York,NY,10032,"501 West 165Th
New York, NY 10032
(40.83803232200046, -73.93837101799966)",08:00:00,15:30:00
02M392,MANHATTAN BUSINESS ACADEMY,Manhattan,351 West 18 Street,New York,NY,10011,"351 West 18 Street
New York, NY 10011
(40.74288810100046, -74.00212738099964)",08:30:00,15:15:00
19K502,FDNY High School for Fire and Life Safety,Brooklyn,400 Pennsylvania Avenue,Brooklyn,NY,11207,"400 Pennsylvania Avenue
Brooklyn, NY 11207
(40.66755311100047, -73.89480053699964)",08:00:00,15:00:00
10X353,World View High School,Bronx,100 West Mosholu Parkway South,Bronx,NY,10468,"100 West Mosholu Parkway South
Bronx, NY 10468
(40.88008184000046, -73.88590153299964)",09:00:00,16:00:00
03M485,Fiorello H. LaGuardia High School of Music & Art and Performing Arts,Manhattan,100 Amsterdam Avenue,New York,NY,10023,"100 Amsterdam Avenue
New York, NY 10023
(40.773670507000475, -73.98526855799963)",08:00:00,16:00:00
07X670,Health Opportunities High School,Bronx,350 Gerard Avenue,Bronx,NY,10451,"350 Gerard Avenue
Bronx, NY 10451
(40.81608448100047, -73.93032383899964)",08:15:00,15:35:00
30Q555,Newcomers High School,Queens,28-01 41 Avenue,Long Island City,NY,11101,"28-01 41 Avenue
Long Island City, NY 11101
(40.751380834000486, -73.93744971899963)",08:00:00,15:00:00
29Q498,Humanities & Arts Magnet High School,Queens,207- 01 116Th Avenue,Cambria Heights,NY,11411,"207- 01 116Th Avenue
Cambria Heights, NY 11411
(40.69553633600049, -73.73491834199967)",08:00:00,14:45:00
14K614,Young Women's Leadership School of Brooklyn,Brooklyn,325 Bushwick Avenue,Brooklyn,NY,11206,"325 Bushwick Avenue
Brooklyn, NY 11206
(40.70560054300046, -73.93947806699964)",07:30:00,14:45:00
25Q460,Flushing High School,Queens,35-01 Union Street,Flushing,NY,11354,"35-01 Union Street
Flushing, NY 11354
(40.765243471000474, -73.82785528199963)",08:51:00,15:37:00
30Q501,Frank Sinatra School of the Arts High School,Queens,35-12 35Th Avenue,Astoria,NY,11106,"35-12 35Th Avenue
Astoria, NY 11106
(40.75652807400047, -73.92514064399967)",07:45:00,15:15:00
26Q435,Martin Van Buren High School,Queens,230-17 Hillside Avenue,Queens Village,NY,11427,"230-17 Hillside Avenue
Queens Village, NY 11427
(40.73281710900045, -73.73965041299965)",07:45:00,15:14:00
05M692,"High School for Mathematics, Science and Engineering at City College",Manhattan,240 Convent Ave,New York,NY,10031,"240 Convent Ave
New York, NY 10031
(40.821123112000464, -73.94884524399964)",08:00:00,15:35:00
08X332,Holcombe L. Rucker School of Community Research,Bronx,965 Longwood Avenue,Bronx,NY,10459,"965 Longwood Avenue
Bronx, NY 10459
(40.81743944600049, -73.89804920599965)",08:15:00,15:15:00
15K448,Brooklyn Secondary School for Collaborative Studies,Brooklyn,610 Henry Street,Brooklyn,NY,11231,"610 Henry Street
Brooklyn, NY 11231
(40.679863998000485, -74.00148225799967)",08:30:00,14:50:00
01M292,Henry Street School for International Studies,Manhattan,220 Henry Street,New York,NY,10002,"220 Henry Street
New York, NY 10002
(40.71376394700047, -73.98526003999967)",08:30:00,15:30:00
02M303,"Facing History School, The",Manhattan,525 West 50Th Street,New York,NY,10019,"525 West 50Th Street
New York, NY 10019
(40.76502670800045, -73.99251657799965)",08:35:00,15:00:00
02M432,Murray Hill Academy,Manhattan,111 East 33Rd Street,New York,NY,10016,"111 East 33Rd Street
New York, NY 10016
(40.746106375000466, -73.98100966699963)",08:00:00,14:58:00
06M467,High School for Law and Public Service,Manhattan,549 Audubon Avenue,New York,NY,10040,"549 Audubon Avenue
New York, NY 10040
(40.855938307000486, -73.92702963399967)",08:00:00,15:45:00
19K639,Brooklyn Lab School,Brooklyn,999 Jamaica Avenue,Brooklyn,NY,11208,"999 Jamaica Avenue
Brooklyn, NY 11208
(40.69114396200047, -73.86842605699962)",08:22:00,15:11:00
09X252,Mott Hall Bronx High School,Bronx,1595 Bathgate Avenue,Bronx,NY,10457,"1595 Bathgate Avenue
Bronx, NY 10457
(40.839327126000455, -73.90130978999963)",08:30:00,15:15:00
09X260,Bronx Center for Science and Mathematics,Bronx,1363 Fulton Avenue,Bronx,NY,10456,"1363 Fulton Avenue
Bronx, NY 10456
(40.833738559000494, -73.90244824499968)",07:30:00,15:25:00
09X324,Bronx Early College Academy for Teaching & Learning,Bronx,250 East 164 Street,Bronx,NY,10456,"250 East 164 Street
Bronx, NY 10456
(40.828714180000475, -73.91775570199962)",08:30:00,15:15:00
18K569,Kurt Hahn Expeditionary Learning School,Brooklyn,5800 Tilden Avenue,Brooklyn,NY,11203,"5800 Tilden Avenue
Brooklyn, NY 11203
(40.64866366300049, -73.92189876199967)",08:30:00,15:30:00
19K583,Multicultural High School,Brooklyn,999 Jamaica Avenue,Brooklyn,NY,11208,"999 Jamaica Avenue
Brooklyn, NY 11208
(40.69114396200047, -73.86842605699962)",08:15:00,15:15:00
10X439,Bronx High School for Law and Community Service,Bronx,500 East Fordham Road,Bronx,NY,10458,"500 East Fordham Road
Bronx, NY 10458
(40.86001222100049, -73.88822960399966)",08:15:00,16:00:00
31R064,Gaynor McCown Expeditionary Learning School,Staten Island,100 Essex Drive,Staten Island,NY,10314,"100 Essex Drive
Staten Island, NY 10314
(40.58202202600046, -74.15784841899966)",08:00:00,14:20:00
18K617,High School for Innovation in Advertising and Media,Brooklyn,1600 Rockaway Parkway,Brooklyn,NY,11236,"1600 Rockaway Parkway
Brooklyn, NY 11236
(40.641844268000455, -73.89868729099965)",08:00:00,15:15:00
09X250,Eximius College Preparatory Academy: A College Board School,Bronx,1363 Fulton Avenue,Bronx,NY,10456,"1363 Fulton Avenue
Bronx, NY 10456
(40.833738559000494, -73.90244824499968)",08:00:00,15:22:00
16K498,Brooklyn High School for Law and Technology,Brooklyn,1396 Broadway,Brooklyn,NY,11221,"1396 Broadway
Brooklyn, NY 11221
(40.68892554200045, -73.92108409899964)",08:00:00,15:00:00
11X299,Astor Collegiate Academy,Bronx,925 Astor Avenue,Bronx,NY,10469,"925 Astor Avenue
Bronx, NY 10469
(40.85969831600045, -73.86074140399967)",07:35:00,15:55:00
15K656,Brooklyn High School of the Arts,Brooklyn,345 Dean Street,Brooklyn,NY,11217,"345 Dean Street
Brooklyn, NY 11217
(40.683653990000494, -73.98047275099964)",08:15:00,15:00:00
14K488,Brooklyn Preparatory High School,Brooklyn,257 North 6 Street,Brooklyn,NY,11211,"257 North 6 Street
Brooklyn, NY 11211
(40.71503755100048, -73.95464995899965)",08:20:00,15:10:00
29Q243,Institute for Health Professions at Cambria Heights,Queens,207- 01 116Th Avenue,Cambria Heights,NY,11411,"207- 01 116Th Avenue
Cambria Heights, NY 11411
(40.69553633600049, -73.73491834199967)",08:35:00,15:32:00
04M610,Young Women's Leadership School,Manhattan,105 East 106 Street,New York,NY,10029,"105 East 106 Street
New York, NY 10029
(40.79270695600047, -73.94729966199964)",08:45:00,15:15:00
05M157,The Urban Assembly School for Global Commerce,Manhattan,2005 Madison Avenue,New York,NY,10035,"2005 Madison Avenue
New York, NY 10035
(40.80734208700045, -73.93943418699968)",08:10:00,15:15:00
15K667,Sunset Park High School,Brooklyn,153 35Th Street,Brooklyn,NY,11232,"153 35Th Street
Brooklyn, NY 11232
(40.65595284400047, -74.00549732499962)",08:45:00,15:30:00
10X442,"Celia Cruz Bronx High School of Music, The",Bronx,2780 Reservoir Avenue,Bronx,NY,10468,"2780 Reservoir Avenue
Bronx, NY 10468
(40.87037746700048, -73.89816295199967)",08:00:00,15:45:00
01M696,Bard High School Early College,Manhattan,525 East Houston Street,New York,NY,10002,"525 East Houston Street
New York, NY 10002
(40.718961617000446, -73.97606602099967)",09:00:00,15:50:00
04M409,Coalition School for Social Change,Manhattan,2351 1St Avenue,New York,NY,10035,"2351 1St Avenue
New York, NY 10035
(40.7988651820005, -73.93336559699964)",08:45:00,15:30:00
03M494,High School of Arts and Technology,Manhattan,122 Amsterdam Avenue,New York,NY,10023,"122 Amsterdam Avenue
New York, NY 10023
(40.77429641100048, -73.98482270099964)",08:00:00,14:45:00
28Q896,"Young Women's Leadership School, Queens",Queens,150-91 87 Road,Jamaica,NY,11432,"150-91 87 Road
Jamaica, NY 11432
(40.70820782600049, -73.80407794599967)",08:00:00,14:57:00
11X290,Bronx Academy of Health Careers,Bronx,800 East Gun Hill Road,Bronx,NY,10467,"800 East Gun Hill Road
Bronx, NY 10467
(40.87575421100047, -73.86138783399963)",08:25:00,15:15:00
14K454,Green School: An Academy for Environmental Careers,Brooklyn,223 Graham Avenue,Brooklyn,NY,11206,"223 Graham Avenue
Brooklyn, NY 11206
(40.709899960000484, -73.94365993499963)",08:00:00,15:30:00
07X427,Community School for Social Justice,Bronx,350 Gerard Avenue,Bronx,NY,10451,"350 Gerard Avenue
Bronx, NY 10451
(40.81608448100047, -73.93032383899964)",08:30:00,15:00:00
11X542,Pelham Preparatory Academy,Bronx,925 Astor Avenue,Bronx,NY,10469,"925 Astor Avenue
Bronx, NY 10469
(40.85969831600045, -73.86074140399967)",08:15:00,15:45:00
27Q480,John Adams High School,Queens,101-01 Rockaway Boulevard,Ozone Park,NY,11417,"101-01 Rockaway Boulevard
Ozone Park, NY 11417
(40.679831401000456, -73.83832266399963)",08:00:00,15:30:00
30Q258,Energy Tech High School,Queens,36-41 28 Street,Astoria,NY,11106,"36-41 28 Street
Astoria, NY 11106
(40.7570971560005, -73.93261840099967)",08:45:00,15:35:00
12X267,Bronx Latin,Bronx,800 Home Street,Bronx,NY,10456,"800 Home Street
Bronx, NY 10456
(40.82776397900045, -73.90038681299967)",08:30:00,15:15:00
19K660,W. H. Maxwell Career and Technical Education High School,Brooklyn,145 Pennsylvania Avenue,Brooklyn,NY,11207,"145 Pennsylvania Avenue
Brooklyn, NY 11207
(40.674224214000446, -73.89645352099967)",08:00:00,15:07:00
12X242,Mott Hall V,Bronx,1551 East 172Nd Street,Bronx,NY,10472,"1551 East 172Nd Street
Bronx, NY 10472
(40.831364532000464, -73.87834467499965)",08:00:00,15:30:00
13K595,Bedford Academy High School,Brooklyn,1119 Bedford Avenue,Brooklyn,NY,11216,"1119 Bedford Avenue
Brooklyn, NY 11216
(40.68538126900046, -73.95426759999964)",08:00:00,16:15:00
02M296,High School of Hospitality Management,Manhattan,525 West 50Th Street,New York,NY,10019,"525 West 50Th Street
New York, NY 10019
(40.76502670800045, -73.99251657799965)",09:00:00,15:45:00
07X500,Hostos-Lincoln Academy of Science,Bronx,600 Saint Ann'S Avenue,Bronx,NY,10455,"600 Saint Ann'S Avenue
Bronx, NY 10455
(40.814955342000474, -73.91251954199964)",08:00:00,14:30:00
19K683,"The School for Classics: An Academy of Thinkers, Writers and Peformers",Brooklyn,370 Fountain Avenue,Brooklyn,NY,11208,"370 Fountain Avenue
Brooklyn, NY 11208
(40.67068325000048, -73.87421747999963)",08:00:00,15:00:00
25Q425,John Bowne High School,Queens,63-25 Main Street,Flushing,NY,11367,"63-25 Main Street
Flushing, NY 11367
(40.73869720300047, -73.82479482099967)",09:08:00,15:47:00
12X511,Bronx Envision Academy,Bronx,1619 Boston Road,Bronx,NY,10460,"1619 Boston Road
Bronx, NY 10460
(40.835937328000455, -73.89046769299966)",08:25:00,15:15:00
11X275,High School of Computers and Technology,Bronx,800 East Gun Hill Road,Bronx,NY,10467,"800 East Gun Hill Road
Bronx, NY 10467
(40.87575421100047, -73.86138783399963)",08:00:00,15:00:00
07X221,South Bronx Preparatory: A College Board School,Bronx,360 East 145 Street,Bronx,NY,10454,"360 East 145 Street
Bronx, NY 10454
(40.81401081600046, -73.92083651699966)",08:00:00,15:00:00
10X696,High School of American Studies at Lehman College,Bronx,2925 Goulden Avenue,Bronx,NY,10468,"2925 Goulden Avenue
Bronx, NY 10468
(40.8712553740005, -73.89751620399966)",08:00:00,15:00:00
06M540,A. Philip Randolph Campus High School,Manhattan,443 West 135 Street,New York,NY,10031,"443 West 135 Street
New York, NY 10031
(40.81832126900048, -73.95061382799963)",08:00:00,14:20:00
03M541,Manhattan / Hunter Science High School,Manhattan,122 Amsterdam Avenue,New York,NY,10023,"122 Amsterdam Avenue
New York, NY 10023
(40.77429641100048, -73.98482270099964)",08:00:00,14:30:00
02M305,"Urban Assembly Academy of Government and Law, The",Manhattan,350 Grand Street,New York,NY,10002,"350 Grand Street
New York, NY 10002
(40.71686722400045, -73.98953194299963)",08:32:00,15:45:00
02M551,Urban Assembly New York Harbor School,Manhattan,550 Wheeler Avenue,Manhattan,NY,10004,"550 Wheeler Avenue
Manhattan, NY 10004
(40.690787629000454, -74.01975732599965)",08:15:00,16:00:00
13K670,Benjamin Banneker Academy,Brooklyn,71-77 Clinton Avenue,Brooklyn,NY,11205,"71-77 Clinton Avenue
Brooklyn, NY 11205
(40.69566241300049, -73.96928607699965)",08:00:00,15:00:00
03M860,Frederick Douglass Academy II Secondary School,Manhattan,215 West 114 Street,New York,NY,10026,"215 West 114 Street
New York, NY 10026
(40.802174581000486, -73.95400882799964)",08:00:00,15:00:00
25Q252,"Queens School of Inquiry, The",Queens,158-40 76 Road,Fresh Meadows,NY,11366,"158-40 76 Road
Fresh Meadows, NY 11366
(40.72452298400049, -73.80942798999968)",08:38:00,14:57:00
27Q475,Richmond Hill High School,Queens,89-30 114 Street,Richmond Hill,NY,11418,"89-30 114 Street
Richmond Hill, NY 11418
(40.6956492220005, -73.83358480499965)",08:00:00,15:00:00
02M399,THE HIGH SCHOOL FOR LANGUAGE AND DIPLOMACY,Manhattan,40 Irving Place,New York,NY,10003,"40 Irving Place
New York, NY 10003
(40.73551946300046, -73.98760424899967)",08:00:00,15:30:00
11X509,High School of Language and Innovation,Bronx,925 Astor Avenue,Bronx,NY,10469,"925 Astor Avenue
Bronx, NY 10469
(40.85969831600045, -73.86074140399967)",08:25:00,15:15:00
06M423,High School for Excellence and Innovation,Manhattan,650 Academy Street,New York,NY,10034,"650 Academy Street
New York, NY 10034
(40.86604554900049, -73.92485664199967)",08:45:00,15:30:00
27Q260,Frederick Douglass Academy VI High School,Queens,8-21 Bay 25 Street,Far Rockaway,NY,11691,"8-21 Bay 25 Street
Far Rockaway, NY 11691
(40.601989336000486, -73.76283432299965)",07:45:00,14:05:00
03M403,The Global Learning Collaborative,Manhattan,145 West 84 Street,New York,NY,10024,"145 West 84 Street
New York, NY 10024
(40.78574315700047, -73.97441522799966)",08:30:00,15:30:00
32K554,All City Leadership Secondary School,Brooklyn,321 Palmetto Street,Brooklyn,NY,11237,"321 Palmetto Street
Brooklyn, NY 11237
(40.69740779600045, -73.91315346199963)",07:45:00,14:30:00
02M605,Humanities Preparatory Academy,Manhattan,351 West 18 Street,New York,NY,10011,"351 West 18 Street
New York, NY 10011
(40.74288810100046, -74.00212738099964)",09:00:00,15:15:00
05M670,Thurgood Marshall Academy for Learning and Social Change,Manhattan,200-214 West 135Th Street,New York,NY,10030,"200-214 West 135Th Street
New York, NY 10030
(40.81536482900049, -73.94389670999965)",08:30:00,15:00:00
24Q299,Bard High School Early College Queens,Queens,30-20 Thomson Avenue,Long Island City,NY,11101,"30-20 Thomson Avenue
Long Island City, NY 11101
(40.74509351900048, -73.93681389799963)",09:00:00,15:20:00
10X477,Marble Hill High School for International Studies,Bronx,99 Terrace View Avenue,Bronx,NY,10463,"99 Terrace View Avenue
Bronx, NY 10463
(40.87704944300049, -73.91233659899967)",08:30:00,16:40:00
15K497,School for International Studies,Brooklyn,284 Baltic Street,Brooklyn,NY,11201,"284 Baltic Street
Brooklyn, NY 11201
(40.68545180600046, -73.99349146499964)",08:30:00,15:15:00
17K122,Pathways in Technology Early College High School (P-Tech),Brooklyn,150 Albany Avenue,Brooklyn,NY,11213,"150 Albany Avenue
Brooklyn, NY 11213
(40.67540230700047, -73.93888117599965)",08:15:00,16:30:00
08X349,Bronx River High School,Bronx,3000 East Tremont Avenue,Bronx,NY,10461,"3000 East Tremont Avenue
Bronx, NY 10461
(40.840513977000455, -73.83812095999963)",08:14:00,15:36:00
10X264,Bronx Academy for Software Engineering (BASE),Bronx,2474 Crotona Avenue,Bronx,NY,10458,"2474 Crotona Avenue
Bronx, NY 10458
(40.85592271000047, -73.88257897999966)",08:30:00,15:30:00
10X434,Belmont Preparatory High School,Bronx,500 East Fordham Road,Bronx,NY,10458,"500 East Fordham Road
Bronx, NY 10458
(40.86001222100049, -73.88822960399966)",08:15:00,15:45:00
25Q281,East-West School of International Studies,Queens,46-21 Colden Street,Flushing,NY,11355,"46-21 Colden Street
Flushing, NY 11355
(40.74930280500047, -73.82180810599965)",07:50:00,15:00:00
27Q314,Epic High School â€“ South,Queens,121-10 Rockaway Boulevard,Queens,NY,11420,"121-10 Rockaway Boulevard
Queens, NY 11420
(40.675735922000456, -73.81696833599966)",09:00:00,16:00:00
09X276,Leadership Institute,Bronx,1701 Fulton Avenue,Bronx,NY,10457,"1701 Fulton Avenue
Bronx, NY 10457
(40.8412708780005, -73.89797867699963)",08:30:00,15:15:00
15K684,Millennium Brooklyn HS,Brooklyn,237 7 Avenue,Brooklyn,NY,11215,"237 7 Avenue
Brooklyn, NY 11215
(40.66959817500049, -73.97925552199968)",08:00:00,14:30:00
08X432,BRONX BRIDGES HIGH SCHOOL,Bronx,1980 Lafayette Avenue,Bronx,NY,10473,"1980 Lafayette Avenue
Bronx, NY 10473
(40.82230376500047, -73.85596138999966)",08:00:00,15:45:00
02M546,Academy for Software Engineering,Manhattan,40 Irving Place,New York,NY,10003,"40 Irving Place
New York, NY 10003
(40.73551946300046, -73.98760424899967)",08:45:00,15:36:00
09X350,New Directions Secondary School,Bronx,240 East 172 Street,Bronx,NY,10457,"240 East 172 Street
Bronx, NY 10457
(40.84037339800045, -73.91083800799964)",NA,NA
08X530,Banana Kelly High School,Bronx,965 Longwood Avenue,Bronx,NY,10459,"965 Longwood Avenue
Bronx, NY 10459
(40.81743944600049, -73.89804920599965)",08:45:00,15:05:00
31R450,Curtis High School,Staten Island,105 Hamilton Avenue,Staten Island,NY,10301,"105 Hamilton Avenue
Staten Island, NY 10301
(40.64474490100048, -74.08134127399967)",09:00:00,15:30:00
26Q566,"Queens High School of Teaching, Liberal Arts and the Sciences",Queens,74-20 Commonwealth Blvd,Bellerose,NY,11426,"74-20 Commonwealth Blvd
Bellerose, NY 11426
(40.744904361000465, -73.72690964199967)",08:30:00,15:30:00
02M475,Stuyvesant High School,Manhattan,345 Chambers Street,New York,NY,10282,"345 Chambers Street
New York, NY 10282
(40.71774641500048, -74.01404904299966)",08:00:00,15:30:00
02M489,High School of Economics and Finance,Manhattan,100 Trinity Place,New York,NY,10006,"100 Trinity Place
New York, NY 10006
(40.70921962500046, -74.01202591499964)",08:30:00,15:30:00
14K685,El Puente Academy for Peace and Justice,Brooklyn,250 Hooper Street,Brooklyn,NY,11211,"250 Hooper Street
Brooklyn, NY 11211
(40.705765931000485, -73.95572857199966)",09:00:00,15:30:00
17K590,Medgar Evers College Preparatory School,Brooklyn,1186 Carroll Street,Brooklyn,NY,11225,"1186 Carroll Street
Brooklyn, NY 11225
(40.66716208200046, -73.95085795499966)",07:15:00,15:15:00
18K576,Victory Collegiate High School,Brooklyn,6565 Flatlands Avenue,Brooklyn,NY,11236,"6565 Flatlands Avenue
Brooklyn, NY 11236
(40.63262743000047, -73.91779798899967)",08:30:00,15:30:00
28Q167,Metropolitan Expeditionary Learning School,Queens,91-30 Metropolitan Avenue,Forest Hills,NY,11375,"91-30 Metropolitan Avenue
Forest Hills, NY 11375
(40.710435548000476, -73.85063015499964)",08:30:00,15:20:00
01M509,Marta Valle High School,Manhattan,145 Stanton Street,New York,NY,10002,"145 Stanton Street
New York, NY 10002
(40.720569079000484, -73.98567269099965)",08:00:00,15:30:00
04M435,Manhattan Center for Science and Mathematics,Manhattan,260 Pleasant Avenue,New York,NY,10029,"260 Pleasant Avenue
New York, NY 10029
(40.793741706000446, -73.93408414199968)",08:15:00,14:40:00
21K620,William E. Grady Career and Technical Education High School,Brooklyn,25 Brighton 4Th Road,Brooklyn,NY,11235,"25 Brighton 4Th Road
Brooklyn, NY 11235
(40.58254803800048, -73.96371622099963)",08:00:00,15:30:00
02M408,Professional Performing Arts High School,Manhattan,328 West 48 Street,New York,NY,10036,"328 West 48 Street
New York, NY 10036
(40.761432699000466, -73.98802369799967)",08:15:00,15:30:00
17K539,High School for Service & Learning at Erasmus,Brooklyn,911 Flatbush Avenue,Brooklyn,NY,11226,"911 Flatbush Avenue
Brooklyn, NY 11226
(40.64943967500045, -73.95843119799963)",08:00:00,15:40:00
15K429,Brooklyn School for Global Studies,Brooklyn,284 Baltic Street,Brooklyn,NY,11201,"284 Baltic Street
Brooklyn, NY 11201
(40.68545180600046, -73.99349146499964)",08:45:00,15:10:00
09X404,School for Excellence,Bronx,1110 Boston Road,Bronx,NY,10456,"1110 Boston Road
Bronx, NY 10456
(40.8276026690005, -73.90447525699966)",08:15:00,14:45:00
17K531,"School for Human Rights, The",Brooklyn,600 Kingston Avenue,Brooklyn,NY,11203,"600 Kingston Avenue
Brooklyn, NY 11203
(40.6595170060005, -73.94254649899966)",08:00:00,15:00:00
02M529,Jacqueline Kennedy Onassis High School,Manhattan,120 West 46 Street,New York,NY,10036,"120 West 46 Street
New York, NY 10036
(40.75775738600049, -73.98318779299967)",08:00:00,15:00:00
11X249,Bronx Health Sciences High School,Bronx,750 Baychester Avenue,Bronx,NY,10475,"750 Baychester Avenue
Bronx, NY 10475
(40.87413179800046, -73.83380451299968)",07:15:00,15:00:00
15K464,Park Slope Collegiate,Brooklyn,237 7 Avenue,Brooklyn,NY,11215,"237 7 Avenue
Brooklyn, NY 11215
(40.66959817500049, -73.97925552199968)",08:15:00,15:15:00
19K764,The Urban Assembly School for Collaborative Healthcare,Brooklyn,999 Jamaica Avenue,Brooklyn,NY,11208,"999 Jamaica Avenue
Brooklyn, NY 11208
(40.69114396200047, -73.86842605699962)",08:15:00,15:15:00
11X288,Collegiate Institute for Math and Science,Bronx,925 Astor Avenue,Bronx,NY,10469,"925 Astor Avenue
Bronx, NY 10469
(40.85969831600045, -73.86074140399967)",08:15:00,16:15:00
12X521,The Metropolitan Soundview High School,Bronx,1300 Boynton Avenue,Bronx,NY,10472,"1300 Boynton Avenue
Bronx, NY 10472
(40.83136649000045, -73.87882327699964)",08:30:00,15:40:00
13K674,"City Polytechnic High School of Engineering, Architecture, and Technology",Brooklyn,105 Johnson Street,Brooklyn,NY,11201,"105 Johnson Street
Brooklyn, NY 11201
(40.69494440700049, -73.98603532399966)",08:40:00,16:07:00
07X259,"H.E.R.O. High (Health, Education, and Research Occupations High School)",Bronx,455 Southern Blvd,Bronx,NY,10455,"455 Southern Blvd
Bronx, NY 10455
(40.810405415000446, -73.90680011599966)",08:30:00,15:30:00
17K600,Clara Barton High School,Brooklyn,901 Classon Avenue,Brooklyn,NY,11225,"901 Classon Avenue
Brooklyn, NY 11225
(40.67027055700049, -73.96165482399965)",08:15:00,15:30:00
11X514,The Bronxwood Preparatory Academy,Bronx,921 East 228Th Street,Bronx,NY,10466,"921 East 228Th Street
Bronx, NY 10466
(40.887919214000476, -73.85287161399964)",08:00:00,15:00:00
19K422,Spring Creek Community School,Brooklyn,1065 Elton Street,Brooklyn,NY,11208,"1065 Elton Street
Brooklyn, NY 11208
(40.65752260200048, -73.87477702499967)",NA,NA
26Q430,Francis Lewis High School,Queens,58-20 Utopia Parkway,Fresh Meadows,NY,11365,"58-20 Utopia Parkway
Fresh Meadows, NY 11365
(40.74055571400049, -73.79284814599964)",08:30:00,15:15:00
13K430,Brooklyn Technical High School,Brooklyn,29 Ft Greene Place,Brooklyn,NY,11217,"29 Ft Greene Place
Brooklyn, NY 11217
(40.688107423000474, -73.97674507199963)",08:45:00,15:15:00
28Q310,Queens Collegiate: A College Board School,Queens,167-01 Gothic Drive,Jamaica,NY,11432,"167-01 Gothic Drive
Jamaica, NY 11432
(40.713577459000476, -73.79651782499963)",08:15:00,15:00:00
10X440,DeWitt Clinton High School,Bronx,100 West Mosholu Parkway South,Bronx,NY,10468,"100 West Mosholu Parkway South
Bronx, NY 10468
(40.88008184000046, -73.88590153299964)",08:00:00,14:46:00
13K527,Urban Assembly Institute of Math and Science for Young Women,Brooklyn,283 Adams Street,Brooklyn,NY,11201,"283 Adams Street
Brooklyn, NY 11201
(40.69462011900049, -73.98862394499963)",08:30:00,15:20:00
09X525,Bronx Leadership Academy High School,Bronx,1710 Webster Avenue,Bronx,NY,10457,"1710 Webster Avenue
Bronx, NY 10457
(40.84358119500047, -73.90322003799963)",08:00:00,15:44:00
06M293,City College Academy of the Arts,Manhattan,4600 Broadway,New York,NY,10040,"4600 Broadway
New York, NY 10040
(40.86111331900048, -73.93045214899968)",08:15:00,16:00:00
14K477,School for Legal Studies,Brooklyn,850 Grand Street,Brooklyn,NY,11211,"850 Grand Street
Brooklyn, NY 11211
(40.71196311300048, -73.94043436699963)",08:00:00,15:30:00
02M533,Union Square Academy for Health Sciences,Manhattan,40 Irving Place,New York,NY,10003,"40 Irving Place
New York, NY 10003
(40.73551946300046, -73.98760424899967)",08:00:00,15:49:00
18K567,Brooklyn Theatre Arts High School,Brooklyn,6565 Flatlands Avenue,Brooklyn,NY,11236,"6565 Flatlands Avenue
Brooklyn, NY 11236
(40.63262743000047, -73.91779798899967)",08:30:00,15:23:00
10X437,Fordham High School for the Arts,Bronx,500 East Fordham Road,Bronx,NY,10458,"500 East Fordham Road
Bronx, NY 10458
(40.86001222100049, -73.88822960399966)",08:00:00,15:45:00
32K168,The Brooklyn School for Math and Research,Brooklyn,400 Irving Avenue,Brooklyn,NY,11237,"400 Irving Avenue
Brooklyn, NY 11237
(40.696961848000456, -73.91081593899963)",08:15:00,15:45:00
19K615,Transit Tech Career and Technical Education High School,Brooklyn,1 Wells Street,Brooklyn,NY,11208,"1 Wells Street
Brooklyn, NY 11208
(40.6782307310005, -73.87597301199963)",08:30:00,14:45:00
29Q283,Preparatory Academy for Writers: A College Board School,Queens,143-10 Springfield Boulevard,Springfield Gardens,NY,11413,"143-10 Springfield Boulevard
Springfield Gardens, NY 11413
(40.66823228800047, -73.75683989399965)",08:00:00,15:05:00
16K688,The Brooklyn Academy of Global Finance,Brooklyn,125 Stuyvesant Avenue,Brooklyn,NY,11221,"125 Stuyvesant Avenue
Brooklyn, NY 11221
(40.691537765000476, -73.93372578199967)",08:15:00,15:12:00
12X682,Fannie Lou Hamer Freedom High School,Bronx,1021 Jennings Street,Bronx,NY,10460,"1021 Jennings Street
Bronx, NY 10460
(40.83080715400047, -73.88602131599964)",08:45:00,14:45:00
32K549,Bushwick School for Social Justice,Brooklyn,400 Irving Avenue,Brooklyn,NY,11237,"400 Irving Avenue
Brooklyn, NY 11237
(40.696961848000456, -73.91081593899963)",08:15:00,15:00:00
17K524,International High School at Prospect Heights,Brooklyn,883 Classon Avenue,Brooklyn,NY,11225,"883 Classon Avenue
Brooklyn, NY 11225
(40.67029890700047, -73.96164787599963)",08:30:00,15:15:00
01M450,East Side Community School,Manhattan,420 East 12 Street,New York,NY,10009,"420 East 12 Street
New York, NY 10009
(40.729782687000466, -73.98304144099967)",08:30:00,15:30:00
28Q505,Hillcrest High School,Queens,160-05 Highland Avenue,Jamaica,NY,11432,"160-05 Highland Avenue
Jamaica, NY 11432
(40.70875755500049, -73.80212748599968)",08:00:00,15:30:00
07X334,International Community High School,Bronx,345 Brook Avenue,Bronx,NY,10454,"345 Brook Avenue
Bronx, NY 10454
(40.810036192000496, -73.91781248199965)",09:00:00,16:00:00
20K505,Franklin Delano Roosevelt High School,Brooklyn,5800 20 Avenue,Brooklyn,NY,11204,"5800 20 Avenue
Brooklyn, NY 11204
(40.620263373000455, -73.98201099999966)",09:30:00,16:15:00
02M047,47 The American Sign Language and English Secondary School,Manhattan,223 East 23 Street,New York,NY,10010,"223 East 23 Street
New York, NY 10010
(40.738599087000466, -73.98251191099968)",08:45:00,15:45:00
08X305,Pablo Neruda Academy,Bronx,1980 Lafayette Avenue,Bronx,NY,10473,"1980 Lafayette Avenue
Bronx, NY 10473
(40.82230376500047, -73.85596138999966)",08:00:00,15:50:00
28Q687,Queens High School for the Sciences at York College,Queens,94-50 159 Street,Jamaica,NY,11433,"94-50 159 Street
Jamaica, NY 11433
(40.7009987670005, -73.79815352399964)",08:00:00,15:18:00
17K751,Academy for Health Careers,Brooklyn,150 Albany Avenue,Brooklyn,NY,11213,"150 Albany Avenue
Brooklyn, NY 11213
(40.67540230700047, -73.93888117599965)",08:30:00,14:45:00
09X263,Validus Preparatory Academy: An Expeditionary Learning School,Bronx,1595 Bathgate Avenue,Bronx,NY,10457,"1595 Bathgate Avenue
Bronx, NY 10457
(40.839327126000455, -73.90130978999963)",08:15:00,15:15:00
07X600,Alfred E. Smith Career and Technical Education High School,Bronx,333 East 151 Street,Bronx,NY,10451,"333 East 151 Street
Bronx, NY 10451
(40.81824688900048, -73.91973567799965)",08:50:00,15:00:00
18K637,Academy for Conservation and the Environment,Brooklyn,6565 Flatlands Avenue,Brooklyn,NY,11236,"6565 Flatlands Avenue
Brooklyn, NY 11236
(40.63262743000047, -73.91779798899967)",08:33:00,15:19:00
10X237,"The Marie Curie School for Medicine, Nursing, and Health Professions",Bronx,120 West 231 Street,Bronx,NY,10463,"120 West 231 Street
Bronx, NY 10463
(40.875975449000464, -73.90123489199965)",08:00:00,14:45:00
12X251,Explorations Academy,Bronx,1619 Boston Road,Bronx,NY,10460,"1619 Boston Road
Bronx, NY 10460
(40.835937328000455, -73.89046769299966)",08:00:00,15:30:00
27Q308,Robert H. Goddard High School of Communication Arts and Technology,Queens,138-30 Lafayette Street,Ozone Park,NY,11417,"138-30 Lafayette Street
Ozone Park, NY 11417
(40.6717694780005, -73.84497773899966)",07:25:00,14:15:00
09X413,Bronx High School for Medical Science,Bronx,240 East 172 Street,Bronx,NY,10457,"240 East 172 Street
Bronx, NY 10457
(40.84037339800045, -73.91083800799964)",07:45:00,15:15:00
18K563,It Takes a Village Academy,Brooklyn,5800 Tilden Avenue,Brooklyn,NY,11203,"5800 Tilden Avenue
Brooklyn, NY 11203
(40.64866366300049, -73.92189876199967)",08:15:00,16:15:00
09X231,Eagle Academy for Young Men,Bronx,4143 Third Avenue,Bronx,NY,10457,"4143 Third Avenue
Bronx, NY 10457
(40.84518532700048, -73.89698066799963)",08:30:00,16:00:00
24Q485,Grover Cleveland High School,Queens,21-27 Himrod Street,Ridgewood,NY,11385,"21-27 Himrod Street
Ridgewood, NY 11385
(40.71122219500046, -73.90865212999967)",08:30:00,15:15:00
02M413,School of the Future High School,Manhattan,127 East 22 Street,New York,NY,10010,"127 East 22 Street
New York, NY 10010
(40.73894888600046, -73.98540517199967)",08:35:00,15:10:00
20K445,New Utrecht High School,Brooklyn,1601 80 Street,Brooklyn,NY,11214,"1601 80 Street
Brooklyn, NY 11214
(40.61342449400047, -74.00365376599967)",08:00:00,15:00:00
19K504,High School for Civil Rights,Brooklyn,400 Pennsylvania Avenue,Brooklyn,NY,11207,"400 Pennsylvania Avenue
Brooklyn, NY 11207
(40.66755311100047, -73.89480053699964)",08:00:00,15:15:00
01M448,University Neighborhood High School,Manhattan,200 Monroe Street,New York,NY,10002,"200 Monroe Street
New York, NY 10002
(40.7123318510005, -73.98479662499966)",08:15:00,15:15:00
28Q690,High School for Law Enforcement and Public Safety,Queens,116-25 Guy R Brewer Boulevard,Jamaica,NY,11434,"116-25 Guy R Brewer Boulevard
Jamaica, NY 11434
(40.68617808300047, -73.78408297499965)",08:00:00,15:00:00
29Q326,Cambria Heights Academy,Queens,188-04 91St Avenue,Hollis,NY,11423,"188-04 91St Avenue
Hollis, NY 11423
(40.71181822000045, -73.77119187599965)",09:00:00,16:00:00
03M859,Special Music School,Manhattan,122 Amsterdam Avenue,New York,NY,10023,"122 Amsterdam Avenue
New York, NY 10023
(40.77429641100048, -73.98482270099964)",08:00:00,14:30:00
02M376,NYC iSchool,Manhattan,131 Avenue Of The Americas,New York,NY,10013,"131 Avenue Of The Americas
New York, NY 10013
(40.72435287400049, -74.00475929199968)",09:00:00,16:00:00
13K483,The Urban Assembly School for Law and Justice,Brooklyn,283 Adams Street,Brooklyn,NY,11201,"283 Adams Street
Brooklyn, NY 11201
(40.69462011900049, -73.98862394499963)",08:40:00,15:40:00
19K507,Performing Arts and Technology High School,Brooklyn,400 Pennsylvania Avenue,Brooklyn,NY,11207,"400 Pennsylvania Avenue
Brooklyn, NY 11207
(40.66755311100047, -73.89480053699964)",08:05:00,15:00:00
04M372,ESPERANZA PREPARATORY ACADEMY,Manhattan,240 East 109 Street,New York,NY,10029,"240 East 109 Street
New York, NY 10029
(40.793072777000475, -73.94235655799963)",08:00:00,15:00:00
10X565,High School for Energy and Technology,Bronx,2474 Crotona Avenue,Bronx,NY,10458,"2474 Crotona Avenue
Bronx, NY 10458
(40.85592271000047, -73.88257897999966)",08:00:00,15:45:00
02M419,Landmark High School,Manhattan,351 West 18 Street,New York,NY,10011,"351 West 18 Street
New York, NY 10011
(40.74288810100046, -74.00212738099964)",08:45:00,15:20:00
14K561,Williamsburg Preparatory School,Brooklyn,257 North 6 Street,Brooklyn,NY,11211,"257 North 6 Street
Brooklyn, NY 11211
(40.71503755100048, -73.95464995899965)",08:15:00,15:15:00
08X282,Women's Academy of Excellence,Bronx,456 White Plains Road,Bronx,NY,10473,"456 White Plains Road
Bronx, NY 10473
(40.814918340000474, -73.85656553499967)",08:30:00,14:45:00
21K559,Life Academy High School for Film and Music,Brooklyn,2630 Benson Avenue,Brooklyn,NY,11214,"2630 Benson Avenue
Brooklyn, NY 11214
(40.59359381100046, -73.98472923199967)",08:15:00,15:00:00
08X269,Bronx Studio School for Writers and Artists,Bronx,928 Simpson Street,Bronx,NY,10459,"928 Simpson Street
Bronx, NY 10459
(40.820623637000494, -73.89307351899964)",08:20:00,15:20:00
25Q285,World Journalism Preparatory: A College Board School,Queens,34-65 192 Street,Flushing,NY,11358,"34-65 192 Street
Flushing, NY 11358
(40.76512327300048, -73.79005967599966)",08:00:00,15:00:00
15K519,Cobble Hill School of American Studies,Brooklyn,347 Baltic Street,Brooklyn,NY,11201,"347 Baltic Street
Brooklyn, NY 11201
(40.68457913700047, -73.99109316299968)",08:00:00,15:00:00
24Q530,International High School at LaGuardia Community College,Queens,45-35 Van Dam Street,Long Island City,NY,11101,"45-35 Van Dam Street
Long Island City, NY 11101
(40.744149536000464, -73.93362674099967)",08:00:00,15:30:00
29Q248,Queens Preparatory Academy,Queens,143-10 Springfield Boulevard,Springfield Gardens,NY,11413,"143-10 Springfield Boulevard
Springfield Gardens, NY 11413
(40.66823228800047, -73.75683989399965)",08:10:00,14:57:00
09X412,Bronx High School of Business,Bronx,240 East 172 Street,Bronx,NY,10457,"240 East 172 Street
Bronx, NY 10457
(40.84037339800045, -73.91083800799964)",07:45:00,15:15:00
02M600,The High School of Fashion Industries,Manhattan,225 West 24 Street,New York,NY,10011,"225 West 24 Street
New York, NY 10011
(40.74511157100045, -73.99590641999964)",08:00:00,15:45:00
17K528,The High School for Global Citizenship,Brooklyn,883 Classon Avenue,Brooklyn,NY,11225,"883 Classon Avenue
Brooklyn, NY 11225
(40.67029890700047, -73.96164787599963)",08:00:00,15:00:00
13K605,George Westinghouse Career and Technical Education High School,Brooklyn,105 Johnson Street,Brooklyn,NY,11201,"105 Johnson Street
Brooklyn, NY 11201
(40.69494440700049, -73.98603532399966)",08:30:00,15:30:00
30Q502,Information Technology High School,Queens,21-16 44Th Road,Long Island City,NY,11101,"21-16 44Th Road
Long Island City, NY 11101
(40.74792352300045, -73.94656565899965)",07:15:00,14:05:00
16K393,Frederick Douglass Academy IV Secondary School,Brooklyn,1014 Lafayette Avenue,Brooklyn,NY,11221,"1014 Lafayette Avenue
Brooklyn, NY 11221
(40.69213370400047, -73.93150317199962)",08:00:00,14:20:00
27Q650,"High School for Construction Trades, Engineering and Architecture",Queens,94-06 104Th Street,Ozone Park,NY,11416,"94-06 104Th Street
Ozone Park, NY 11416
(40.68939682600046, -73.84064100099965)",08:10:00,14:34:00
11X418,Bronx High School for the Visual Arts,Bronx,2040 Antin Pl,Bronx,NY,10462,"2040 Antin Pl
Bronx, NY 10462
(40.851433485000484, -73.86501795899966)",08:15:00,14:45:00
22K425,James Madison High School,Brooklyn,3787 Bedford Avenue,Brooklyn,NY,11229,"3787 Bedford Avenue
Brooklyn, NY 11229
(40.60975848100048, -73.94845183699965)",08:10:00,14:48:00
16K455,Boys and Girls High School,Brooklyn,1700 Fulton Street,Brooklyn,NY,11213,"1700 Fulton Street
Brooklyn, NY 11213
(40.67943304500045, -73.93243176999965)",08:15:00,15:15:00
19K409,East New York Family Academy,Brooklyn,2057 Linden Boulevard,Brooklyn,NY,11207,"2057 Linden Boulevard
Brooklyn, NY 11207
(40.66063702400049, -73.88634164999962)",08:00:00,15:00:00
17K546,High School for Public Service: Heroes of Tomorrow,Brooklyn,600 Kingston Avenue,Brooklyn,NY,11203,"600 Kingston Avenue
Brooklyn, NY 11203
(40.6595170060005, -73.94254649899966)",08:30:00,15:15:00
21K344,Rachel Carson High School for Coastal Studies,Brooklyn,521 West Avenue,Brooklyn,NY,11224,"521 West Avenue
Brooklyn, NY 11224
(40.582116150000445, -73.97289449199963)",08:00:00,15:15:00
24Q560,"Robert F. Wagner, Jr. Secondary School for Arts and Technology",Queens,47-07 30 Place,Long Island City,NY,11101,"47-07 30 Place
Long Island City, NY 11101
(40.742263515000445, -73.93687612099967)",08:00:00,15:00:00
02M300,"Urban Assembly School of Design and Construction, The",Manhattan,525 West 50Th Street,New York,NY,10019,"525 West 50Th Street
New York, NY 10019
(40.76502670800045, -73.99251657799965)",08:00:00,15:15:00
27Q324,Rockaway Park High School for Environmental Sustainability,Queens,100-00 Beach Channel Drive,Rockaway Park,NY,11694,"100-00 Beach Channel Drive
Rockaway Park, NY 11694
(40.58600718700046, -73.82308944399966)",08:45:00,15:30:00
23K514,Frederick Douglass Academy VII High School,Brooklyn,226 Bristol Street,Brooklyn,NY,11212,"226 Bristol Street
Brooklyn, NY 11212
(40.665810912000495, -73.91169964499966)",09:07:00,15:27:00
02M438,International High School at Union Square,Manhattan,40 Irving Place,New York,NY,10003,"40 Irving Place
New York, NY 10003
(40.73551946300046, -73.98760424899967)",08:45:00,15:05:00
20K490,Fort Hamilton High School,Brooklyn,8301 Shore Road,Brooklyn,NY,11209,"8301 Shore Road
Brooklyn, NY 11209
(40.62791337300047, -74.03995233799964)",09:00:00,15:45:00
07X495,University Heights Secondary School,Bronx,701 St. Anns Avenue,Bronx,NY,10455,"701 St. Anns Avenue
Bronx, NY 10455
(40.81817353600047, -73.91109266299964)",08:45:00,15:00:00
29Q492,"Mathematics, Science Research and Technology Magnet High School",Queens,207- 01 116Th Avenue,Cambria Heights,NY,11411,"207- 01 116Th Avenue
Cambria Heights, NY 11411
(40.69553633600049, -73.73491834199967)",08:00:00,14:25:00
02M135,The Urban Assembly School for Emergency Management,Manhattan,439 West 49Th Street,New York,NY,10019,"439 West 49Th Street
New York, NY 10019
(40.763361732000476, -73.99050909099964)",08:41:00,15:31:00
11X270,Academy for Scholarship and Entrepreneurship: A College Board School,Bronx,921 East 228Th Street,Bronx,NY,10466,"921 East 228Th Street
Bronx, NY 10466
(40.887919214000476, -73.85287161399964)",08:00:00,14:56:00
03M492,"High School for Law, Advocacy and Community Justice",Manhattan,122 Amsterdam Avenue,New York,NY,10023,"122 Amsterdam Avenue
New York, NY 10023
(40.77429641100048, -73.98482270099964)",08:00:00,14:45:00
02M580,Richard R. Green High School of Teaching,Manhattan,26 Broadway,New York,NY,10004,"26 Broadway
New York, NY 10004
(40.70523493900049, -74.01331503999967)",08:30:00,15:20:00
14K586,Lyons Community School,Brooklyn,223 Graham Avenue,Brooklyn,NY,11206,"223 Graham Avenue
Brooklyn, NY 11206
(40.709899960000484, -73.94365993499963)",08:40:00,15:30:00
02M425,Leadership and Public Service High School,Manhattan,90 Trinity Place,New York,NY,10006,"90 Trinity Place
New York, NY 10006
(40.70914653900047, -74.01207662699966)",08:30:00,14:45:00
31R047,CSI High School for International Studies,Staten Island,100 Essex Drive,Staten Island,NY,10314,"100 Essex Drive
Staten Island, NY 10314
(40.58202202600046, -74.15784841899966)",07:30:00,15:50:00
24Q550,High School for Arts and Business,Queens,105-25 Horace Harding Expy N,Corona,NY,11368,"105-25 Horace Harding Expy N
Corona, NY 11368
(40.73741817000047, -73.85330572999965)",08:45:00,16:00:00
06M346,Community Health Academy of the Heights,Manhattan,504 West 158Th Street,New York,NY,10032,"504 West 158Th Street
New York, NY 10032
(40.83355521900046, -73.94180421199962)",08:15:00,15:00:00
28Q686,QUEENS METROPOLITAN HIGH SCHOOL,Queens,91-30 Metropolitan Avenue,Forest Hills,NY,11375,"91-30 Metropolitan Avenue
Forest Hills, NY 11375
(40.710435548000476, -73.85063015499964)",08:00:00,14:50:00
29Q272,George Washington Carver High School for the Sciences,Queens,143-10 Springfield Boulevard,Springfield Gardens,NY,11413,"143-10 Springfield Boulevard
Springfield Gardens, NY 11413
(40.66823228800047, -73.75683989399965)",08:00:00,15:15:00
10X374,Knowledge and Power Preparatory Academy International High School (Kappa),Bronx,500 East Fordham Road,Bronx,NY,10458,"500 East Fordham Road
Bronx, NY 10458
(40.86001222100049, -73.88822960399966)",07:30:00,16:00:00
29Q327,Eagle Academy for Young Men III,Queens,171-10 Linden Boulevard,Jamaica,NY,11434,"171-10 Linden Boulevard
Jamaica, NY 11434
(40.69167018900049, -73.77902860599966)",08:45:00,16:45:00
02M407,Institute for Collaborative Education,Manhattan,345 East 15Th Street,New York,NY,10003,"345 East 15Th Street
New York, NY 10003
(40.73248537800049, -73.98305338799963)",08:00:00,15:00:00
32K556,Bushwick Leaders High School for Academic Excellence,Brooklyn,797 Bushwick Avenue,Brooklyn,NY,11221,"797 Bushwick Avenue
Brooklyn, NY 11221
(40.69499576300046, -73.92798626699965)",08:15:00,16:45:00
02M439,Manhattan Village Academy,Manhattan,43 West 22 Street,New York,NY,10010,"43 West 22 Street
New York, NY 10010
(40.7414946990005, -73.99144505299967)",08:00:00,15:20:00
24Q455,Newtown High School,Queens,48-01 90 Street,Elmhurst,NY,11373,"48-01 90 Street
Elmhurst, NY 11373
(40.74120520000048, -73.87472988399963)",08:00:00,15:30:00
12X550,High School of World Cultures,Bronx,1300 Boynton Avenue,Bronx,NY,10472,"1300 Boynton Avenue
Bronx, NY 10472
(40.83136649000045, -73.87882327699964)",08:00:00,16:00:00
19K659,Cypress Hills Collegiate Preparatory School,Brooklyn,999 Jamaica Avenue,Brooklyn,NY,11208,"999 Jamaica Avenue
Brooklyn, NY 11208
(40.69114396200047, -73.86842605699962)",08:10:00,15:00:00
08X561,Bronx Compass High School,Bronx,1980 Lafayette Avenue,Bronx,NY,10473,"1980 Lafayette Avenue
Bronx, NY 10473
(40.82230376500047, -73.85596138999966)",08:30:00,15:15:00
02M260,M.S. 260 Clinton School Writers & Artists,Manhattan,425 West 33Rd Street,Manhattan,NY,10001,"425 West 33Rd Street
Manhattan, NY 10001
(40.75321087800046, -73.99785851499968)",NA,NA
16K765,Nelson Mandela School for Social Justice,Brooklyn,1700 Fulton Street,Brooklyn,NY,11213,"1700 Fulton Street
Brooklyn, NY 11213
(40.67943304500045, -73.93243176999965)",08:30:00,16:00:00
09X297,Morris Academy for Collaborative Studies,Bronx,1110 Boston Road,Bronx,NY,10456,"1110 Boston Road
Bronx, NY 10456
(40.8276026690005, -73.90447525699966)",08:15:00,15:30:00
02M400,High School for Environmental Studies,Manhattan,444 West 56 Street,New York,NY,10019,"444 West 56 Street
New York, NY 10019
(40.76776243900048, -73.98751121399965)",08:15:00,15:00:00
12X372,Urban Assembly School for Wildlife Conservation,Bronx,2024 Mohegan Avenue,Bronx,NY,10460,"2024 Mohegan Avenue
Bronx, NY 10460
(40.84403995800045, -73.88468697299965)",08:40:00,15:00:00
23K697,Teachers Preparatory High School,Brooklyn,226 Bristol Street,Brooklyn,NY,11212,"226 Bristol Street
Brooklyn, NY 11212
(40.665810912000495, -73.91169964499966)",08:20:00,14:40:00
09X365,Academy for Language and Technology,Bronx,1700 Macombs Road,Bronx,NY,10453,"1700 Macombs Road
Bronx, NY 10453
(40.84910216800046, -73.91608844099966)",08:00:00,16:00:00
13K350,Urban Assembly High School of Music and Art,Brooklyn,49 Flatbush Avenue Extension,Brooklyn,NY,11201,"49 Flatbush Avenue Extension
Brooklyn, NY 11201
(40.69717472700046, -73.98495968899965)",08:30:00,16:00:00
15K462,Secondary School for Law,Brooklyn,237 7 Avenue,Brooklyn,NY,11215,"237 7 Avenue
Brooklyn, NY 11215
(40.66959817500049, -73.97925552199968)",08:25:00,15:12:00
18K589,Arts & Media Preparatory Academy,Brooklyn,905 Winthrop Street,Brooklyn,NY,11203,"905 Winthrop Street
Brooklyn, NY 11203
(40.65845703000048, -73.92903317399964)",08:50:00,15:40:00
02M519,Talent Unlimited High School,Manhattan,317 East 67 Street,New York,NY,10065,"317 East 67 Street
New York, NY 10065
(40.765445402000466, -73.96021378599966)",08:10:00,15:20:00
02M418,Millennium High School,Manhattan,75 Broad Street,New York,NY,10004,"75 Broad Street
New York, NY 10004
(40.704920366000465, -74.01151402299968)",08:30:00,15:00:00
10X141,Riverdale / Kingsbridge Academy (Middle School / High School 141),Bronx,660 West 237 Street,Bronx,NY,10463,"660 West 237 Street
Bronx, NY 10463
(40.88837284900046, -73.91409320399964)",08:20:00,14:40:00
27Q309,Academy of Medical Technology: A College Board School,Queens,8-21 Bay 25 Street,Far Rockaway,NY,11691,"8-21 Bay 25 Street
Far Rockaway, NY 11691
(40.601989336000486, -73.76283432299965)",08:00:00,15:15:00
11X455,Harry S Truman High School,Bronx,750 Baychester Avenue,Bronx,NY,10475,"750 Baychester Avenue
Bronx, NY 10475
(40.87413179800046, -73.83380451299968)",08:00:00,15:00:00
02M630,Art and Design High School,Manhattan,231-249 East 56 Street,New York,NY,10019,"231-249 East 56 Street
New York, NY 10019
(40.76540154100047, -73.98176824599966)",08:30:00,16:00:00
19K404,Academy for Young Writers,Brooklyn,1065 Elton Street,Brooklyn,NY,11208,"1065 Elton Street
Brooklyn, NY 11208
(40.65752260200048, -73.87477702499967)",09:05:00,15:30:00
10X438,Fordham Leadership Academy for Business and Technology,Bronx,500 East Fordham Road,Bronx,NY,10458,"500 East Fordham Road
Bronx, NY 10458
(40.86001222100049, -73.88822960399966)",08:00:00,16:00:00
07X473,Mott Haven Village Preparatory High School,Bronx,701 St. Anns Avenue,Bronx,NY,10455,"701 St. Anns Avenue
Bronx, NY 10455
(40.81817353600047, -73.91109266299964)",08:30:00,15:00:00
02M543,New Design High School,Manhattan,350 Grand Street,New York,NY,10002,"350 Grand Street
New York, NY 10002
(40.71686722400045, -73.98953194299963)",08:40:00,14:56:00
10X342,International School for Liberal Arts,Bronx,2780 Reservoir Avenue,Bronx,NY,10468,"2780 Reservoir Avenue
Bronx, NY 10468
(40.87037746700048, -73.89816295199967)",08:00:00,15:45:00
27Q334,Epic High School â€“ North,Queens,94-25 117th Street,South Richmond Hill,NY,11419,"94-25 117th Street
South Richmond Hill, NY 11419
(40.69287706600045, -73.82930558099963)",09:00:00,16:00:00
10X351,Bronx Collaborative High School,Bronx,100 West Mosholu Parkway South,Bronx,NY,10468,"100 West Mosholu Parkway South
Bronx, NY 10468
(40.88008184000046, -73.88590153299964)",09:00:00,16:00:00
02M414,N.Y.C. Museum School,Manhattan,333 West 17 Street,New York,NY,10011,"333 West 17 Street
New York, NY 10011
(40.74210071300047, -74.00207379699964)",08:15:00,14:45:00
11X265,Bronx Lab School,Bronx,800 East Gun Hill Road,Bronx,NY,10467,"800 East Gun Hill Road
Bronx, NY 10467
(40.87575421100047, -73.86138783399963)",08:45:00,17:00:00
02M139,Stephen T. Mather Building Arts & Craftsmanship High School,Manhattan,411 Pearl Street,New York,NY,10038,"411 Pearl Street
New York, NY 10038
(40.71067947100045, -74.00080702099967)",09:10:00,15:30:00
27Q262,Channel View School for Research,Queens,100-00 Beach Channel Drive,Rockaway Park,NY,11694,"100-00 Beach Channel Drive
Rockaway Park, NY 11694
(40.58600718700046, -73.82308944399966)",08:15:00,15:04:00
09X329,DreamYard Preparatory School,Bronx,240 East 172 Street,Bronx,NY,10457,"240 East 172 Street
Bronx, NY 10457
(40.84037339800045, -73.91083800799964)",08:40:00,15:15:00
28Q620,Thomas A. Edison Career and Technical Education High School,Queens,165-65 84 Avenue,Jamaica,NY,11432,"165-65 84 Avenue
Jamaica, NY 11432
(40.71587626100046, -73.79882238899967)",08:00:00,15:30:00
14K632,Frances Perkins Academy,Brooklyn,50 Bedford Avenue,Brooklyn,NY,11222,"50 Bedford Avenue
Brooklyn, NY 11222
(40.72264264000046, -73.95258304499964)",08:00:00,15:00:00
02M427,MANHATTAN ACADEMY FOR ARTS & LANGUAGE,Manhattan,111 East 33Rd Street,New York,NY,10016,"111 East 33Rd Street
New York, NY 10016
(40.746106375000466, -73.98100966699963)",09:00:00,15:40:00
02M542,Manhattan Bridges High School,Manhattan,525 West 50Th Street,New York,NY,10019,"525 West 50Th Street
New York, NY 10019
(40.76502670800045, -73.99251657799965)",08:00:00,15:45:00
27Q400,August Martin High School,Queens,156-10 Baisley Boulevard,Jamaica,NY,11434,"156-10 Baisley Boulevard
Jamaica, NY 11434
(40.67552680900047, -73.78343251299964)",08:00:00,15:30:00
25Q241,Queens High School for Language Studies,Queens,35-01 Union Street,Flushing,NY,11354,"35-01 Union Street
Flushing, NY 11354
(40.765243471000474, -73.82785528199963)",08:00:00,15:37:00
27Q351,Rockaway Collegiate High School,Queens,100-00 Beach Channel Drive,Rockaway Park,NY,11694,"100-00 Beach Channel Drive
Rockaway Park, NY 11694
(40.58600718700046, -73.82308944399966)",08:30:00,16:20:00
32K403,Academy for Environmental Leadership,Brooklyn,400 Irving Avenue,Brooklyn,NY,11237,"400 Irving Avenue
Brooklyn, NY 11237
(40.696961848000456, -73.91081593899963)",08:00:00,15:00:00
31R445,Port Richmond High School,Staten Island,85 St Josephs Avenue,Staten Island,NY,10302,"85 St Josephs Avenue
Staten Island, NY 10302
(40.63384298700049, -74.14210688899965)",08:00:00,14:45:00
25Q240,Veritas Academy,Queens,35-01 Union Street,Flushing,NY,11354,"35-01 Union Street
Flushing, NY 11354
(40.765243471000474, -73.82785528199963)",07:50:00,14:40:00
23K644,Eagle Academy for Young Men II,Brooklyn,1137 Herkimer Street,Brooklyn,NY,11233,"1137 Herkimer Street
Brooklyn, NY 11233
(40.677825501000484, -73.91582337999967)",08:45:00,15:00:00
27Q302,"Queens High School for Information, Research, and Technology",Queens,8-21 Bay 25 Street,Far Rockaway,NY,11691,"8-21 Bay 25 Street
Far Rockaway, NY 11691
(40.601989336000486, -73.76283432299965)",07:45:00,16:10:00
09X517,Frederick Douglass Academy III Secondary School,Bronx,3630 Third Avenue,Bronx,NY,10456,"3630 Third Avenue
Bronx, NY 10456
(40.83416725000046, -73.90403294799967)",08:30:00,16:00:00
28Q325,Hillside Arts & Letters Academy,Queens,167-01 Gothic Drive,Jamaica,NY,11432,"167-01 Gothic Drive
Jamaica, NY 11432
(40.713577459000476, -73.79651782499963)",08:15:00,15:00:00
05M499,Frederick Douglass Academy,Manhattan,2581 7Th Avenue,New York,NY,10039,"2581 7Th Avenue
New York, NY 10039
(40.82430838500045, -73.93697961299966)",08:00:00,15:00:00
24Q264,Academy of Finance and Enterprise,Queens,30-20 Thomson Avenue,Long Island City,NY,11101,"30-20 Thomson Avenue
Long Island City, NY 11101
(40.74509351900048, -73.93681389799963)",08:15:00,15:15:00
08X519,"Felisa Rincon de Gautier Institute for Law and Public Policy, The",Bronx,1440 Story Avenue,Bronx,NY,10473,"1440 Story Avenue
Bronx, NY 10473
(40.82117077000049, -73.88113634599966)",08:00:00,14:19:00
02M374,Gramercy Arts High School,Manhattan,40 Irving Place,New York,NY,10003,"40 Irving Place
New York, NY 10003
(40.73551946300046, -73.98760424899967)",08:15:00,15:30:00
17K533,School for Democracy and Leadership,Brooklyn,600 Kingston Avenue,Brooklyn,NY,11203,"600 Kingston Avenue
Brooklyn, NY 11203
(40.6595170060005, -73.94254649899966)",08:00:00,14:50:00
26Q415,Benjamin N. Cardozo High School,Queens,57-00 223Rd Street,Oakland Gardens,NY,11364,"57-00 223Rd Street
Oakland Gardens, NY 11364
(40.75239242400045, -73.75608335799967)",09:00:00,16:00:00
31R455,Tottenville High School,Staten Island,100 Luten Avenue,Staten Island,NY,10312,"100 Luten Avenue
Staten Island, NY 10312
(40.528228767000485, -74.19215369799963)",08:00:00,14:45:00
25Q263,Flushing International High School,Queens,144-80 Barclay Avenue,Flushing,NY,11355,"144-80 Barclay Avenue
Flushing, NY 11355
(40.760414170000445, -73.81837627799968)",08:40:00,15:30:00
02M449,Vanguard High School,Manhattan,317 East 67 Street,New York,NY,10065,"317 East 67 Street
New York, NY 10065
(40.765445402000466, -73.96021378599966)",08:00:00,15:00:00
32K552,Academy of Urban Planning,Brooklyn,400 Irving Avenue,Brooklyn,NY,11237,"400 Irving Avenue
Brooklyn, NY 11237
(40.696961848000456, -73.91081593899963)",08:15:00,15:45:00
06M468,High School for Health Careers and Sciences,Manhattan,549 Audubon Avenue,New York,NY,10040,"549 Audubon Avenue
New York, NY 10040
(40.855938307000486, -73.92702963399967)",08:00:00,15:45:00
30Q580,Baccalaureate School for Global Education,Queens,34-12 36 Avenue,Astoria,NY,11106,"34-12 36 Avenue
Astoria, NY 11106
(40.75517483300047, -73.92682361399966)",08:00:00,15:00:00
12X684,Wings Academy,Bronx,1122 East 180 Street,Bronx,NY,10460,"1122 East 180 Street
Bronx, NY 10460
(40.84180522100047, -73.87541771299965)",08:00:00,15:00:00
22K405,Midwood High School,Brooklyn,2839 Bedford Avenue,Brooklyn,NY,11210,"2839 Bedford Avenue
Brooklyn, NY 11210
(40.63333549400045, -73.95291606399962)",08:45:00,15:30:00
25Q670,Robert F. Kennedy Community High School,Queens,75-40 Parsons Boulevard,Fresh Meadows,NY,11366,"75-40 Parsons Boulevard
Fresh Meadows, NY 11366
(40.72560316100049, -73.81072114699964)",08:00:00,14:30:00
19K618,Academy of Innovative Technology,Brooklyn,999 Jamaica Avenue,Brooklyn,NY,11208,"999 Jamaica Avenue
Brooklyn, NY 11208
(40.69114396200047, -73.86842605699962)",07:45:00,14:30:00
02M298,Pace High School,Manhattan,100 Hester Street,New York,NY,10002,"100 Hester Street
New York, NY 10002
(40.716412393000496, -73.99267584399968)",09:00:00,15:15:00
08X376,Antonia Pantoja Preparatory Academy: A College Board School,Bronx,1980 Lafayette Avenue,Bronx,NY,10473,"1980 Lafayette Avenue
Bronx, NY 10473
(40.82230376500047, -73.85596138999966)",08:00:00,14:45:00
02M500,Unity Center for Urban Technologies,Manhattan,111 East 33Rd Street,New York,NY,10016,"111 East 33Rd Street
New York, NY 10016
(40.746106375000466, -73.98100966699963)",08:15:00,16:00:00
02M507,Urban Assembly Gateway School for Technology,Manhattan,439 West 49Th Street,New York,NY,10019,"439 West 49Th Street
New York, NY 10019
(40.763361732000476, -73.99050909099964)",08:00:00,15:30:00
27Q323,Scholars' Academy,Queens,320 Beach 104Th Street,Rockaway Park,NY,11694,"320 Beach 104Th Street
Rockaway Park, NY 11694
(40.58413137400049, -73.82568121199967)",08:45:00,15:00:00
17K408,Academy of Hospitality and Tourism,Brooklyn,911 Flatbush Avenue,Brooklyn,NY,11226,"911 Flatbush Avenue
Brooklyn, NY 11226
(40.64943967500045, -73.95843119799963)",08:00:00,14:45:00
12X278,Peace and Diversity Academy,Bronx,1180 Rev. J.A. Polite Ave.,Bronx,NY,10459,"1180 Rev. J.A. Polite Ave.
Bronx, NY 10459
(40.82522606000049, -73.89394988899966)",08:45:00,15:15:00
14K558,Williamsburg High School for Architecture and Design,Brooklyn,257 North 6 Street,Brooklyn,NY,11211,"257 North 6 Street
Brooklyn, NY 11211
(40.71503755100048, -73.95464995899965)",08:15:00,15:15:00
02M288,Food and Finance High School,Manhattan,525 West 50Th Street,New York,NY,10019,"525 West 50Th Street
New York, NY 10019
(40.76502670800045, -73.99251657799965)",07:40:00,14:30:00
21K468,Kingsborough Early College School,Brooklyn,2630 Benson Avenue,Brooklyn,NY,11214,"2630 Benson Avenue
Brooklyn, NY 11214
(40.59359381100046, -73.98472923199967)",08:00:00,14:20:00
10X225,Theatre Arts Production Company School,Bronx,2225 Webster Avenue,Bronx,NY,10457,"2225 Webster Avenue
Bronx, NY 10457
(40.85464659900049, -73.89664555299964)",08:30:00,15:30:00
11X508,Bronxdale High School,Bronx,925 Astor Avenue,Bronx,NY,10469,"925 Astor Avenue
Bronx, NY 10469
(40.85969831600045, -73.86074140399967)",08:25:00,15:55:00
11X253,Bronx High School for Writing and Communication Arts,Bronx,800 East Gun Hill Road,Bronx,NY,10467,"800 East Gun Hill Road
Bronx, NY 10467
(40.87575421100047, -73.86138783399963)",08:00:00,15:00:00
02M316,"Urban Assembly School of Business for Young Women, the",Manhattan,26 Broadway,New York,NY,10004,"26 Broadway
New York, NY 10004
(40.70523493900049, -74.01331503999967)",08:35:00,15:30:00
25Q525,Townsend Harris High School,Queens,149-11 Melbourne Avenue,Flushing,NY,11367,"149-11 Melbourne Avenue
Flushing, NY 11367
(40.73440841000047, -73.82141748299966)",08:20:00,15:00:00
